{"loss": [0.11655082553625107, 0.04884297028183937, 0.04545493796467781, 0.04407167434692383, 0.042950671166181564, 0.04165542498230934, 0.039532724767923355, 0.03837307170033455, 0.03766830638051033, 0.03730235621333122, 0.03686336427927017, 0.03626827150583267, 0.03549226000905037, 0.03543988615274429, 0.03466229513287544, 0.034267887473106384, 0.033855754882097244, 0.03360246866941452, 0.03295326605439186], "classification_output_loss": [0.19080626964569092, 0.09143533557653427, 0.08471687138080597, 0.08202965557575226, 0.08014733344316483, 0.07854767888784409, 0.07762368768453598, 0.07622497528791428, 0.07492642104625702, 0.07423590123653412, 0.07336641848087311, 0.07219360768795013, 0.07064741849899292, 0.07054820656776428, 0.0689968466758728, 0.06819269806146622, 0.0673733800649643, 0.0668744146823883, 0.0655871108174324], "regression_output_loss": [0.042270760983228683, 0.006228337995707989, 0.006172099616378546, 0.006093034986406565, 0.0057341852225363255, 0.0047437772154808044, 0.0014230537926778197, 0.0005028771702200174, 0.00039187836227938533, 0.0003506623615976423, 0.0003422179725021124, 0.00032469831057824194, 0.00031882344046607614, 0.0003132745623588562, 0.00030930768116377294, 0.00032436609035357833, 0.00031944821239449084, 0.00031173136085271835, 0.0003001829609274864], "classification_output_accuracy": [0.9457511305809021, 0.9692088961601257, 0.971226692199707, 0.9724888801574707, 0.9726933240890503, 0.9732266664505005, 0.9735466837882996, 0.9742666482925415, 0.9746844172477722, 0.9747288823127747, 0.9750133156776428, 0.9754577875137329, 0.9761866927146912, 0.9759733080863953, 0.9766666889190674, 0.9771644473075867, 0.9768622517585754, 0.9772089123725891, 0.9776355624198914], "classification_output_sensitivity_at_specificity": [0.14947080612182617, 0.3276921510696411, 0.3488776683807373, 0.37709546089172363, 0.4024719297885895, 0.383506178855896, 0.4083499014377594, 0.4219526946544647, 0.4800042510032654, 0.4848877787590027, 0.48463916778564453, 0.4958800971508026, 0.5241689085960388, 0.558051586151123, 0.5429925918579102, 0.5757387280464172, 0.6406804919242859, 0.6051285862922668, 0.6283740401268005], "regression_output_mean_squared_error": [0.042270760983228683, 0.006228337995707989, 0.006172099616378546, 0.006093034986406565, 0.0057341852225363255, 0.0047437772154808044, 0.0014230537926778197, 0.0005028771702200174, 0.00039187836227938533, 0.0003506623615976423, 0.0003422179725021124, 0.00032469831057824194, 0.00031882344046607614, 0.0003132745623588562, 0.00030930768116377294, 0.00032436609035357833, 0.00031944821239449084, 0.00031173136085271835, 0.0003001829609274864], "val_loss": [0.05963873118162155, 0.048370640724897385, 0.05009445175528526, 0.045310307294130325, 0.0471251904964447, 0.044038452208042145, 0.041482482105493546, 0.04282539710402489, 0.041194356977939606, 0.04116525873541832, 0.04226958379149437, 0.04387509822845459, 0.041607566177845, 0.04106456786394119, 0.04169345647096634, 0.04254714027047157, 0.041436463594436646, 0.041932884603738785, 0.042865313589572906], "val_classification_output_loss": [0.11316002905368805, 0.09061361849308014, 0.09411200881004333, 0.08473338186740875, 0.08810031414031982, 0.08452336490154266, 0.08227112144231796, 0.08478538691997528, 0.08192554861307144, 0.08210922032594681, 0.0838441550731659, 0.08734110742807388, 0.08298870176076889, 0.08190834522247314, 0.08296817541122437, 0.08316318690776825, 0.08249999582767487, 0.083332858979702, 0.08517264574766159], "val_regression_output_loss": [0.006094081327319145, 0.006106199696660042, 0.006056228652596474, 0.005866854451596737, 0.006130230613052845, 0.0035344946663826704, 0.0006752926856279373, 0.0008472158224321902, 0.00044491374865174294, 0.00020313853747211397, 0.0006768194725736976, 0.00039081269642338157, 0.0002080990670947358, 0.00020248022337909788, 0.0004001055785920471, 0.001912322361022234, 0.0003542340418789536, 0.0005138375563547015, 0.0005387026467360556], "val_classification_output_accuracy": [0.966106653213501, 0.9696800112724304, 0.9694133400917053, 0.9720799922943115, 0.9714933037757874, 0.9725333452224731, 0.9729333519935608, 0.9720799922943115, 0.973360002040863, 0.9735733270645142, 0.9722933173179626, 0.9717333316802979, 0.9726666808128357, 0.9730133414268494, 0.9726933240890503, 0.9729066491127014, 0.9728000164031982, 0.973039984703064, 0.9723733067512512], "val_classification_output_sensitivity_at_specificity": [0.21741224825382233, 0.26830050349235535, 0.3583582937717438, 0.3540774881839752, 0.3085402250289917, 0.29660743474960327, 0.3351883590221405, 0.2521404027938843, 0.3430008590221405, 0.2600064277648926, 0.3654751777648926, 0.3795483708381653, 0.3624250888824463, 0.24191994965076447, 0.3297303020954132, 0.26369863748550415, 0.2804473340511322, 0.342251718044281, 0.31913527846336365], "val_regression_output_mean_squared_error": [0.006094081327319145, 0.006106199696660042, 0.006056228652596474, 0.005866854451596737, 0.006130230613052845, 0.0035344946663826704, 0.0006752926856279373, 0.0008472158224321902, 0.00044491374865174294, 0.00020313853747211397, 0.0006768194725736976, 0.00039081269642338157, 0.0002080990670947358, 0.00020248022337909788, 0.0004001055785920471, 0.001912322361022234, 0.0003542340418789536, 0.0005138375563547015, 0.0005387026467360556]}