{"loss": [0.20114275813102722, 0.08296097815036774, 0.07427525520324707, 0.07228882610797882, 0.07000107318162918, 0.06854404509067535, 0.06704474985599518, 0.06606137752532959, 0.06499925255775452, 0.064570352435112, 0.06315206736326218, 0.0629926547408104, 0.06253638863563538, 0.06144893169403076, 0.06124623864889145, 0.06080332025885582, 0.06010761111974716], "classification_output_loss": [0.1999264806509018, 0.09111115336418152, 0.08217575401067734, 0.08009596914052963, 0.07761681079864502, 0.0760270431637764, 0.07438937574625015, 0.07331211864948273, 0.07215268164873123, 0.07168020308017731, 0.07010316103696823, 0.06993172317743301, 0.06942600756883621, 0.06822027266025543, 0.06799685209989548, 0.06750158220529556, 0.06672625243663788], "regression_output_loss": [0.21199648082256317, 0.009516396559774876, 0.0030802409164607525, 0.001934956992045045, 0.0013716639950871468, 0.0011105671292170882, 0.0008592353551648557, 0.0007204622961580753, 0.0005342417280189693, 0.0004961620434187353, 0.0005076152738183737, 0.0004557098145596683, 0.00044227586477063596, 0.0004186698643025011, 0.0004012591962236911, 0.0004295412509236485, 0.0004492394218686968], "classification_output_accuracy": [0.9440977573394775, 0.9703644514083862, 0.972142219543457, 0.9729688763618469, 0.9738311171531677, 0.974382221698761, 0.9746222496032715, 0.9748533368110657, 0.9748799800872803, 0.975226640701294, 0.9757155776023865, 0.9759111404418945, 0.9760177731513977, 0.976746678352356, 0.9765599966049194, 0.97688889503479, 0.9772533178329468], "classification_output_sensitivity_at_specificity": [0.29661619663238525, 0.2887266278266907, 0.40454140305519104, 0.41495993733406067, 0.4624755084514618, 0.5522350668907166, 0.5253428220748901, 0.5857168436050415, 0.6010685563087463, 0.6447373032569885, 0.6393766403198242, 0.6561709642410278, 0.6683170199394226, 0.6457168459892273, 0.6839715242385864, 0.7127693891525269, 0.718664288520813], "regression_output_mean_squared_error": [0.21199648082256317, 0.009516396559774876, 0.0030802409164607525, 0.001934956992045045, 0.0013716639950871468, 0.0011105671292170882, 0.0008592353551648557, 0.0007204622961580753, 0.0005342417280189693, 0.0004961620434187353, 0.0005076152738183737, 0.00045570978545583785, 0.00044227586477063596, 0.0004186698643025011, 0.0004012591962236911, 0.0004295412509236485, 0.0004492394218686968], "val_loss": [0.10445398092269897, 0.075922392308712, 0.071408212184906, 0.06993819028139114, 0.07177817821502686, 0.06793809682130814, 0.06752745062112808, 0.06800010055303574, 0.06832405924797058, 0.0681128203868866, 0.06730430573225021, 0.06686181575059891, 0.06878206133842468, 0.06698160618543625, 0.06795794516801834, 0.0695633515715599, 0.07042761147022247], "val_classification_output_loss": [0.10975310206413269, 0.08370330184698105, 0.07908173650503159, 0.07754622399806976, 0.07958564162254333, 0.07534599304199219, 0.0749036967754364, 0.07546773552894592, 0.07584673166275024, 0.07563488930463791, 0.07469932734966278, 0.0742548331618309, 0.07638140022754669, 0.07439010590314865, 0.07547560334205627, 0.07725077122449875, 0.07821013033390045], "val_regression_output_loss": [0.05666961520910263, 0.005802026018500328, 0.002257051644846797, 0.0013768695062026381, 0.0014244214398786426, 0.0011824878165498376, 0.0010568497236818075, 0.0007067395490594208, 0.0005355351604521275, 0.0003293787012808025, 0.0006628691335208714, 0.00023854141181800514, 0.00030013383366167545, 0.00021662955987267196, 0.0002090938505716622, 0.0002855769998859614, 0.00029349405667744577], "val_classification_output_accuracy": [0.9689066410064697, 0.9716799855232239, 0.9729599952697754, 0.9740266799926758, 0.9733866453170776, 0.9745866656303406, 0.9747999906539917, 0.9750400185585022, 0.9749333262443542, 0.9749600291252136, 0.9749866724014282, 0.975546658039093, 0.975226640701294, 0.9750933051109314, 0.9753333330154419, 0.9735999703407288, 0.9748533368110657], "val_classification_output_sensitivity_at_specificity": [0.31952255964279175, 0.3466312885284424, 0.33230769634246826, 0.4129442870616913, 0.4287002682685852, 0.5291246771812439, 0.519098162651062, 0.4916180372238159, 0.5463129878044128, 0.5055172443389893, 0.4885411262512207, 0.44769230484962463, 0.5164456367492676, 0.43458884954452515, 0.40339523553848267, 0.5601591467857361, 0.4123607575893402], "val_regression_output_mean_squared_error": [0.05666961520910263, 0.005802026018500328, 0.002257051644846797, 0.0013768695062026381, 0.0014244214398786426, 0.0011824878165498376, 0.0010568497236818075, 0.0007067395490594208, 0.0005355351604521275, 0.0003293787012808025, 0.0006628691335208714, 0.00023854141181800514, 0.00030013383366167545, 0.00021662955987267196, 0.0002090938505716622, 0.0002855769998859614, 0.00029349405667744577]}