{"loss": [0.11435697227716446, 0.0487787202000618, 0.04473401606082916, 0.04178524389863014, 0.040462300181388855, 0.039999641478061676, 0.039561137557029724, 0.038952670991420746, 0.03896161913871765, 0.03882065787911415, 0.03806915879249573], "classification_output_loss": [0.20626004040241241, 0.09158206731081009, 0.08423753827810287, 0.08155163377523422, 0.08038661628961563, 0.07967305183410645, 0.07879854738712311, 0.07763848453760147, 0.07762159407138824, 0.07734762132167816, 0.07586993277072906], "regression_output_loss": [0.022441338747739792, 0.005962347146123648, 0.00521777244284749, 0.0020061784889549017, 0.0005254512652754784, 0.0003135350998491049, 0.00031068731914274395, 0.0002537159016355872, 0.0002883602282963693, 0.0002801321097649634, 0.00025451002875342965], "classification_output_accuracy": [0.9299288988113403, 0.970008909702301, 0.9717244505882263, 0.9723111391067505, 0.9725511074066162, 0.9725955724716187, 0.973039984703064, 0.9734755754470825, 0.9735199809074402, 0.9734044671058655, 0.9740889072418213], "classification_output_sensitivity_at_specificity": [0.16441570222377777, 0.28417330980300903, 0.36076557636260986, 0.45697683095932007, 0.4383530020713806, 0.4818737506866455, 0.5138790011405945, 0.5493496060371399, 0.532591700553894, 0.5656276941299438, 0.5883743166923523], "regression_output_mean_squared_error": [0.022441338747739792, 0.005962347146123648, 0.00521777244284749, 0.0020061784889549017, 0.0005254512652754784, 0.0003135350998491049, 0.00031068731914274395, 0.0002537159016355872, 0.0002883602282963693, 0.0002801321097649634, 0.00025451002875342965], "val_loss": [0.05754413455724716, 0.04403695464134216, 0.04120310768485069, 0.039979711174964905, 0.03948994353413582, 0.038750581443309784, 0.041156474500894547, 0.038781844079494476, 0.03907997906208038, 0.04086928814649582, 0.039072442799806595], "val_classification_output_loss": [0.10901497304439545, 0.08246637135744095, 0.07860592752695084, 0.07799425721168518, 0.078387051820755, 0.0772985890507698, 0.08213111758232117, 0.07738704234361649, 0.07774347066879272, 0.0815662145614624, 0.07793013751506805], "val_regression_output_loss": [0.006060478277504444, 0.00559456180781126, 0.003787514753639698, 0.0019525856478139758, 0.000580194522626698, 0.00018975911370944232, 0.00016876787412911654, 0.00016325440083164722, 0.0004030540294479579, 0.00015862748841755092, 0.00020072172628715634], "val_classification_output_accuracy": [0.9670133590698242, 0.9730666875839233, 0.9737600088119507, 0.9743199944496155, 0.9738399982452393, 0.9740800261497498, 0.9730133414268494, 0.9742933511734009, 0.9737866520881653, 0.9725866913795471, 0.9738666415214539], "val_classification_output_sensitivity_at_specificity": [0.3126334846019745, 0.2885518968105316, 0.2906877398490906, 0.25411149859428406, 0.3061191737651825, 0.2968282699584961, 0.3470205068588257, 0.34125372767448425, 0.28876549005508423, 0.3775629997253418, 0.3335113227367401], "val_regression_output_mean_squared_error": [0.006060478277504444, 0.00559456180781126, 0.003787514753639698, 0.0019525856478139758, 0.000580194522626698, 0.00018975911370944232, 0.00016876787412911654, 0.00016325440083164722, 0.00040305405855178833, 0.00015862748841755092, 0.00020072172628715634]}