{"loss": [0.1409900039434433, 0.04778512567281723, 0.04494413733482361, 0.04341974854469299, 0.04246291518211365, 0.04156899452209473, 0.04093795269727707, 0.04036736115813255, 0.03994538635015488, 0.03926021233201027, 0.03916725143790245, 0.03850753977894783, 0.038122519850730896, 0.03783721104264259, 0.03646615147590637, 0.03471231088042259, 0.03455522283911705, 0.033579595386981964, 0.03368070349097252, 0.033351022750139236, 0.033262234181165695, 0.03287562355399132, 0.03253265470266342], "classification_output_loss": [0.17978690564632416, 0.08911048620939255, 0.08363030105829239, 0.08066404610872269, 0.07874968647956848, 0.07702890038490295, 0.07580326497554779, 0.07460588216781616, 0.07382620126008987, 0.07250180840492249, 0.0722176805138588, 0.071101114153862, 0.07049062848091125, 0.07005545496940613, 0.06917662918567657, 0.06874184310436249, 0.06872699409723282, 0.0668916329741478, 0.06711681187152863, 0.0665011927485466, 0.06632298976182938, 0.06555604934692383, 0.0648675411939621], "regression_output_loss": [0.10217619687318802, 0.006442522630095482, 0.0062394216656684875, 0.006155770272016525, 0.006155609153211117, 0.006088164635002613, 0.006051687989383936, 0.006107265595346689, 0.006042963825166225, 0.005997311789542437, 0.006096030119806528, 0.005893201567232609, 0.005733840633183718, 0.005598591640591621, 0.0037354077212512493, 0.0006622355431318283, 0.0003629495622590184, 0.00024721011868678033, 0.00022414584236685187, 0.00018046004697680473, 0.00018110687960870564, 0.00017468628357164562, 0.00017707550432533026], "classification_output_accuracy": [0.9557955265045166, 0.9709955453872681, 0.9716533422470093, 0.9728888869285583, 0.9730844497680664, 0.9739288687705994, 0.9744444489479065, 0.9746044278144836, 0.9749244451522827, 0.97552889585495, 0.9754310846328735, 0.9756355285644531, 0.975777804851532, 0.9760888814926147, 0.9762488603591919, 0.9764444231987, 0.9763200283050537, 0.9772711396217346, 0.9769511222839355, 0.9768977761268616, 0.9771288633346558, 0.9773777723312378, 0.9776355624198914], "classification_output_sensitivity_at_specificity": [0.14632582664489746, 0.2501423954963684, 0.38754984736442566, 0.4902983605861664, 0.4783359467983246, 0.49375179409980774, 0.5823127031326294, 0.5703325271606445, 0.5674843192100525, 0.6253916025161743, 0.6297351121902466, 0.6300377249717712, 0.6577720046043396, 0.6893157362937927, 0.7006372809410095, 0.7069032788276672, 0.7285317778587341, 0.7668043375015259, 0.7378951907157898, 0.762585461139679, 0.7582419514656067, 0.7799237966537476, 0.7733551859855652], "regression_output_mean_squared_error": [0.10217619687318802, 0.006442522630095482, 0.0062394216656684875, 0.006155770272016525, 0.006155609153211117, 0.006088164635002613, 0.006051687989383936, 0.006107265595346689, 0.006042963825166225, 0.005997311789542437, 0.006096030119806528, 0.005893201567232609, 0.005733840633183718, 0.005598591640591621, 0.0037354077212512493, 0.0006622354267165065, 0.0003629495622590184, 0.00024721011868678033, 0.00022414584236685187, 0.00018046004697680473, 0.00018110687960870564, 0.00017468628357164562, 0.00017707550432533026], "val_loss": [0.05063241720199585, 0.04406830295920372, 0.04327375441789627, 0.041919589042663574, 0.04076702892780304, 0.04064694046974182, 0.0408349484205246, 0.041330303996801376, 0.0408921018242836, 0.04022350534796715, 0.04058561474084854, 0.04003887623548508, 0.04076623544096947, 0.040002621710300446, 0.037208687514066696, 0.03734424710273743, 0.0390671007335186, 0.03690574690699577, 0.03719429299235344, 0.03887446969747543, 0.03732607886195183, 0.03807992488145828, 0.03878483176231384], "val_classification_output_loss": [0.09234043955802917, 0.08118895441293716, 0.0795668214559555, 0.07694076001644135, 0.07477152347564697, 0.07463284581899643, 0.0750243291258812, 0.07502513378858566, 0.07427578419446945, 0.0736813098192215, 0.07296067476272583, 0.07310234755277634, 0.07489598542451859, 0.07285788655281067, 0.07363025099039078, 0.07430998235940933, 0.07794096320867538, 0.07365991920232773, 0.0741524025797844, 0.07758314162492752, 0.0745227113366127, 0.07603944092988968, 0.07743698358535767], "val_regression_output_loss": [0.008907602168619633, 0.006929703988134861, 0.0069616250693798065, 0.006878197658807039, 0.006741693709045649, 0.006640209350734949, 0.006624394562095404, 0.007613755762577057, 0.007487089838832617, 0.00674476707354188, 0.008189745247364044, 0.0069548203609883785, 0.006616116501390934, 0.007127051707357168, 0.0007666570600122213, 0.0003580967604648322, 0.0001726282062008977, 0.00013106227561365813, 0.00021581303735729307, 0.0001455969613743946, 0.0001088995486497879, 9.983564086724073e-05, 0.00011192086822120473], "val_classification_output_accuracy": [0.9719733595848083, 0.9735733270645142, 0.9739199876785278, 0.9747466444969177, 0.975600004196167, 0.9751200079917908, 0.9752799868583679, 0.975226640701294, 0.9749600291252136, 0.9759200215339661, 0.9760800004005432, 0.9753599762916565, 0.9750400185585022, 0.9762133359909058, 0.9760266542434692, 0.975546658039093, 0.9746666550636292, 0.975546658039093, 0.9757599830627441, 0.9750133156776428, 0.9760266542434692, 0.9749333262443542, 0.9745333194732666], "val_classification_output_sensitivity_at_specificity": [0.24235019087791443, 0.41707393527030945, 0.406661719083786, 0.4949532449245453, 0.47821930050849915, 0.4684445261955261, 0.4756162464618683, 0.41988950967788696, 0.46063536405563354, 0.45240119099617004, 0.39598384499549866, 0.49155333638191223, 0.5378240346908569, 0.3528474271297455, 0.5071716904640198, 0.4846472442150116, 0.44209519028663635, 0.4978219270706177, 0.44321078062057495, 0.38015300035476685, 0.42573311924934387, 0.44443264603614807, 0.40262430906295776], "val_regression_output_mean_squared_error": [0.008907602168619633, 0.006929703988134861, 0.0069616250693798065, 0.006878197658807039, 0.006741693709045649, 0.006640209350734949, 0.006624394562095404, 0.007613755762577057, 0.007487089838832617, 0.00674476707354188, 0.008189745247364044, 0.0069548203609883785, 0.006616116501390934, 0.007127051707357168, 0.0007666570600122213, 0.0003580967604648322, 0.0001726282062008977, 0.00013106227561365813, 0.00021581303735729307, 0.0001455969613743946, 0.0001088995486497879, 9.983564086724073e-05, 0.00011192086822120473]}