{"loss": [0.19330598413944244, 0.07409991323947906, 0.06622835993766785, 0.06371309608221054, 0.06236323341727257, 0.06059803068637848, 0.06018397584557533, 0.05955282971262932, 0.05883841961622238, 0.05813898146152496, 0.057788360863924026, 0.056530408561229706, 0.05642900988459587, 0.05564544349908829, 0.0551004633307457, 0.0549173578619957, 0.05439810827374458, 0.05435262247920036], "classification_output_loss": [0.21915116906166077, 0.0915498360991478, 0.08224708586931229, 0.07931485027074814, 0.07771584391593933, 0.07555262744426727, 0.07507059723138809, 0.0743042603135109, 0.0734289214015007, 0.07256511598825455, 0.07213794440031052, 0.07056870311498642, 0.0704459697008133, 0.0694689229130745, 0.06879173219203949, 0.06856101006269455, 0.06791761517524719, 0.06785603612661362], "regression_output_loss": [0.08989313244819641, 0.004267198499292135, 0.002119316952303052, 0.0012710877927020192, 0.0009174937149509788, 0.0007449090480804443, 0.0006040334119461477, 0.0005148050258867443, 0.00044441779027692974, 0.00040373948286287487, 0.0003604218945838511, 0.0003476751735433936, 0.000332427560351789, 0.00032339172321371734, 0.00030736447661183774, 0.0003153248399030417, 0.0002931457420345396, 0.000312114687403664], "classification_output_accuracy": [0.9440088868141174, 0.970924437046051, 0.9729066491127014, 0.9735199809074402, 0.9739199876785278, 0.9742666482925415, 0.9744799733161926, 0.9750221967697144, 0.9751466512680054, 0.975493311882019, 0.9756444692611694, 0.9761777520179749, 0.9761688709259033, 0.9764266610145569, 0.9766755700111389, 0.9766133427619934, 0.9769866466522217, 0.977013349533081], "classification_output_sensitivity_at_specificity": [0.2222360521554947, 0.3455463945865631, 0.40856218338012695, 0.42135030031204224, 0.5319614410400391, 0.5244735479354858, 0.5900682806968689, 0.5789520740509033, 0.5881474018096924, 0.6405449509620667, 0.641042947769165, 0.6940096616744995, 0.6922132968902588, 0.6955037117004395, 0.6958238482475281, 0.7114221453666687, 0.7330321669578552, 0.7174160480499268], "regression_output_mean_squared_error": [0.08989313244819641, 0.004267198499292135, 0.002119316952303052, 0.0012710877927020192, 0.0009174937149509788, 0.0007449090480804443, 0.0006040334119461477, 0.0005148050258867443, 0.00044441779027692974, 0.00040373948286287487, 0.0003604218945838511, 0.0003476751735433936, 0.000332427560351789, 0.00032339172321371734, 0.0003073644475080073, 0.0003153248399030417, 0.0002931457420345396, 0.000312114687403664], "val_loss": [0.09614107757806778, 0.06923075020313263, 0.06446939706802368, 0.06379640847444534, 0.06166201829910278, 0.06182287260890007, 0.06199413910508156, 0.06202055513858795, 0.059944942593574524, 0.06015191227197647, 0.06318463385105133, 0.06121990829706192, 0.059884022921323776, 0.061269499361515045, 0.06250935047864914, 0.06030506640672684, 0.06059376895427704, 0.060668881982564926], "val_classification_output_loss": [0.11755453050136566, 0.08574461936950684, 0.08017939329147339, 0.07949670404195786, 0.0768357515335083, 0.07711008936166763, 0.07723730802536011, 0.07733764499425888, 0.07484961301088333, 0.07509107142686844, 0.07891536504030228, 0.07640951871871948, 0.07475808262825012, 0.07652729749679565, 0.07806681096553802, 0.07532418519258499, 0.07567673921585083, 0.07577403634786606], "val_regression_output_loss": [0.010456263087689877, 0.0031413647811859846, 0.0015954232076182961, 0.0009600280900485814, 0.0009316879441030324, 0.0006399121484719217, 0.0009885693434625864, 0.0007204163121059537, 0.0002952074573840946, 0.0003653664607554674, 0.00023169878113549203, 0.00043238422949798405, 0.00035938608925789595, 0.0002101806312566623, 0.0002518138790037483, 0.00020115499501116574, 0.00023495884670410305, 0.00022241007536649704], "val_classification_output_accuracy": [0.9664000272750854, 0.9717333316802979, 0.9735999703407288, 0.9735999703407288, 0.974399983882904, 0.974560022354126, 0.974453330039978, 0.9741866588592529, 0.9750133156776428, 0.9753066897392273, 0.9735999703407288, 0.9749066829681396, 0.9751466512680054, 0.9738399982452393, 0.9734933376312256, 0.9748799800872803, 0.9749600291252136, 0.9746933579444885], "val_classification_output_sensitivity_at_specificity": [0.2747124135494232, 0.2207605391740799, 0.22416914999485016, 0.2791329324245453, 0.3075202405452728, 0.2811568081378937, 0.2725287675857544, 0.3597677946090698, 0.31534937024116516, 0.3330847918987274, 0.30256709456443787, 0.3569982945919037, 0.4496697783470154, 0.3182253837585449, 0.46191948652267456, 0.28813380002975464, 0.3535896837711334, 0.29431188106536865], "val_regression_output_mean_squared_error": [0.010456263087689877, 0.0031413647811859846, 0.0015954232076182961, 0.0009600280900485814, 0.0009316879441030324, 0.0006399121484719217, 0.0009885693434625864, 0.0007204163121059537, 0.0002952074573840946, 0.0003653664607554674, 0.00023169878113549203, 0.00043238422949798405, 0.00035938608925789595, 0.0002101806312566623, 0.0002518138790037483, 0.00020115499501116574, 0.00023495884670410305, 0.00022241007536649704]}