{"loss": [0.06783248484134674, 0.044369183480739594, 0.04161844775080681, 0.039216287434101105, 0.03869030997157097, 0.037500087171792984, 0.037072308361530304, 0.03696424886584282, 0.03601211681962013, 0.035633888095617294, 0.03526896610856056, 0.035022106021642685, 0.03469623625278473, 0.03427239507436752], "classification_output_loss": [0.12150449305772781, 0.08288243412971497, 0.07927967607975006, 0.07766933739185333, 0.07692942023277283, 0.07463076710700989, 0.07382367551326752, 0.07361946254968643, 0.07173020392656326, 0.07097678631544113, 0.07023698091506958, 0.06975022703409195, 0.06907873600721359, 0.06824729591608047], "regression_output_loss": [0.014139337465167046, 0.005834131967276335, 0.003934801556169987, 0.0007410038379020989, 0.0004292758530937135, 0.00034789147321134806, 0.0002995736722368747, 0.00028781243599951267, 0.00027295981999486685, 0.0002702425408642739, 0.0002801402588374913, 0.0002734325244091451, 0.00029321759939193726, 0.00027699299971573055], "classification_output_accuracy": [0.9610044360160828, 0.9723644256591797, 0.9734399914741516, 0.9746666550636292, 0.9738044738769531, 0.9751200079917908, 0.9752177596092224, 0.9752711057662964, 0.9760444164276123, 0.9763555526733398, 0.9764266610145569, 0.9764444231987, 0.9764533042907715, 0.976871132850647], "classification_output_sensitivity_at_specificity": [0.26594778895378113, 0.25790494680404663, 0.3790280818939209, 0.4057011604309082, 0.41730278730392456, 0.48605847358703613, 0.5621808171272278, 0.4983006715774536, 0.5971992611885071, 0.612608790397644, 0.6144770979881287, 0.6178757548332214, 0.642093300819397, 0.5949394106864929], "regression_output_mean_squared_error": [0.014139337465167046, 0.005834131967276335, 0.003934801556169987, 0.0007410038379020989, 0.0004292758530937135, 0.00034789147321134806, 0.0002995736722368747, 0.00028781243599951267, 0.00027295981999486685, 0.0002702425408642739, 0.0002801402588374913, 0.0002734325244091451, 0.00029321759939193726, 0.00027699299971573055], "val_loss": [0.053325485438108444, 0.043207261711359024, 0.04247431457042694, 0.03972523286938667, 0.03917288780212402, 0.03949554264545441, 0.03850316256284714, 0.048310596495866776, 0.03794940933585167, 0.03938755765557289, 0.03972555324435234, 0.038134682923555374, 0.04042016342282295, 0.03872472420334816], "val_classification_output_loss": [0.10051138699054718, 0.08068326860666275, 0.08362272381782532, 0.07894309610128403, 0.07795357704162598, 0.07876776158809662, 0.07681945711374283, 0.09641504287719727, 0.0757257416844368, 0.0784381628036499, 0.07913986593484879, 0.07593095302581787, 0.08020947873592377, 0.07717073708772659], "val_regression_output_loss": [0.006118190009146929, 0.005709025543183088, 0.0013034853618592024, 0.0004851731937378645, 0.00037041748873889446, 0.00020197179401293397, 0.00016560913354624063, 0.00018486593035049736, 0.00015209920820780098, 0.00031610182486474514, 0.0002905736619140953, 0.0003178042243234813, 0.0006104823551140726, 0.0002582480083219707], "val_classification_output_accuracy": [0.9698399901390076, 0.9734933376312256, 0.9730933308601379, 0.9736533164978027, 0.9741066694259644, 0.9745333194732666, 0.974560022354126, 0.9700000286102295, 0.9751200079917908, 0.9747200012207031, 0.9742666482925415, 0.9755200147628784, 0.9749600291252136, 0.975226640701294], "val_classification_output_sensitivity_at_specificity": [0.24440188705921173, 0.3422158360481262, 0.2918461859226227, 0.3168448507785797, 0.3822137117385864, 0.36210840940475464, 0.3378011882305145, 0.39056432247161865, 0.4786979556083679, 0.3868943154811859, 0.3875325918197632, 0.36881017684936523, 0.3797670304775238, 0.37636294960975647], "val_regression_output_mean_squared_error": [0.006118190009146929, 0.005709025543183088, 0.0013034853618592024, 0.0004851731937378645, 0.00037041748873889446, 0.00020197179401293397, 0.00016560913354624063, 0.00018486593035049736, 0.00015209920820780098, 0.00031610182486474514, 0.0002905736619140953, 0.0003178042243234813, 0.0006104823551140726, 0.0002582480083219707]}