{"loss": [0.12473980337381363, 0.06991124898195267, 0.06472410261631012, 0.06252413988113403, 0.06065645441412926, 0.05921788513660431, 0.05841803923249245, 0.05735404044389725, 0.05700864642858505, 0.05563690885901451, 0.05483637750148773, 0.05447332561016083, 0.05387641489505768, 0.05279241502285004], "classification_output_loss": [0.15020595490932465, 0.08585483580827713, 0.07940978556871414, 0.07703524082899094, 0.07533963769674301, 0.07372085005044937, 0.07275298982858658, 0.07145220786333084, 0.0710369423031807, 0.06934179365634918, 0.06835556775331497, 0.0678987056016922, 0.06715817004442215, 0.0657968744635582], "regression_output_loss": [0.022834545001387596, 0.006096601951867342, 0.005939566995948553, 0.004437237046658993, 0.001881383010186255, 0.001162700355052948, 0.001034160261042416, 0.0009170909761451185, 0.0008513143984600902, 0.0007727214251644909, 0.0007155879284255207, 0.0007277780678123236, 0.0007044521044008434, 0.0007291425717994571], "classification_output_accuracy": [0.9550133347511292, 0.9719555377960205, 0.973537802696228, 0.9740889072418213, 0.9745244383811951, 0.9753689169883728, 0.9754133224487305, 0.9759822487831116, 0.975724458694458, 0.9763733148574829, 0.9766666889190674, 0.976764440536499, 0.9771555662155151, 0.9775555729866028], "classification_output_sensitivity_at_specificity": [0.2820882201194763, 0.38897189497947693, 0.45752400159835815, 0.4741017520427704, 0.5006047487258911, 0.5159729719161987, 0.5112771391868591, 0.6056919097900391, 0.6064389944076538, 0.627303421497345, 0.689825713634491, 0.6800071001052856, 0.7269299030303955, 0.6865350604057312], "regression_output_mean_squared_error": [0.022834545001387596, 0.006096601951867342, 0.005939566995948553, 0.004437237046658993, 0.001881383010186255, 0.001162700355052948, 0.001034160261042416, 0.0009170909761451185, 0.0008513143984600902, 0.0007727214251644909, 0.0007155879284255207, 0.0007277780678123236, 0.0007044521044008434, 0.0007291425717994571], "val_loss": [0.07155247032642365, 0.0663364827632904, 0.0651463121175766, 0.06292364001274109, 0.06250487267971039, 0.06337786465883255, 0.06134634092450142, 0.062039028853178024, 0.061038900166749954, 0.062433868646621704, 0.06340280920267105, 0.062248699367046356, 0.06244790926575661, 0.06326407194137573], "val_classification_output_loss": [0.08792687207460403, 0.08142176270484924, 0.08000359684228897, 0.07796327769756317, 0.07781443744897842, 0.0789654329419136, 0.07651431113481522, 0.0771840289235115, 0.07612903416156769, 0.07788560539484024, 0.07908730208873749, 0.0776074230670929, 0.07789885997772217, 0.07895781099796295], "val_regression_output_loss": [0.006015622057020664, 0.0059544481337070465, 0.005674499552696943, 0.002723016543313861, 0.001223549246788025, 0.0009838209953159094, 0.0006302239489741623, 0.0014152221847325563, 0.000633890856988728, 0.0005826445412822068, 0.0006210165447555482, 0.0007686839671805501, 0.0005985831958241761, 0.000442965654656291], "val_classification_output_accuracy": [0.9721866846084595, 0.9737600088119507, 0.974133312702179, 0.9743466377258301, 0.9746666550636292, 0.9738399982452393, 0.974506676197052, 0.9745333194732666, 0.9750400185585022, 0.9744266867637634, 0.9735999703407288, 0.9741600155830383, 0.9740800261497498, 0.9739199876785278], "val_classification_output_sensitivity_at_specificity": [0.2951544225215912, 0.2915867865085602, 0.34057506918907166, 0.3560170531272888, 0.3779020309448242, 0.36464324593544006, 0.45670926570892334, 0.4226304590702057, 0.411767840385437, 0.4017571806907654, 0.3851970136165619, 0.4686368405818939, 0.3358892500400543, 0.43844515085220337], "val_regression_output_mean_squared_error": [0.006015622057020664, 0.0059544481337070465, 0.005674499552696943, 0.002723016543313861, 0.001223549246788025, 0.0009838209953159094, 0.0006302239489741623, 0.0014152221847325563, 0.000633890856988728, 0.0005826445412822068, 0.0006210165447555482, 0.0007686839671805501, 0.0005985831958241761, 0.000442965654656291]}