{"loss": [0.06846539676189423, 0.04431921988725662, 0.041324079036712646, 0.04004773125052452, 0.03967133164405823, 0.038771603256464005, 0.03812818601727486, 0.03737277165055275, 0.036689236760139465, 0.03650420904159546, 0.03580714017152786, 0.035485733300447464, 0.03505609929561615, 0.03454415872693062, 0.03431607782840729, 0.03383142501115799], "classification_output_loss": [0.12634047865867615, 0.08462271839380264, 0.0819387435913086, 0.07971513271331787, 0.07902426272630692, 0.07725358754396439, 0.07598936557769775, 0.07449712604284286, 0.0731351301074028, 0.0727614313364029, 0.07137558609247208, 0.07072529941797256, 0.06987270712852478, 0.06884491443634033, 0.06839343905448914, 0.06742069870233536], "regression_output_loss": [0.01057515386492014, 0.004001972731202841, 0.0006955339922569692, 0.00036657272721640766, 0.00030434952350333333, 0.00027562264585867524, 0.00025287410244345665, 0.00023441697703674436, 0.00022943039948586375, 0.00023343192879110575, 0.0002248851233161986, 0.0002323392400285229, 0.00022559461649507284, 0.0002293804573128, 0.00022451355471275747, 0.00022784936300013214], "classification_output_accuracy": [0.9582666754722595, 0.9716355800628662, 0.9725688695907593, 0.9734577536582947, 0.973466694355011, 0.9737777709960938, 0.9743733406066895, 0.9749777913093567, 0.9756888747215271, 0.9753333330154419, 0.9757511019706726, 0.9763466715812683, 0.9763911366462708, 0.9766577482223511, 0.9771199822425842, 0.9775288701057434], "classification_output_sensitivity_at_specificity": [0.19781389832496643, 0.29686281085014343, 0.3723117411136627, 0.3731279671192169, 0.48562708497047424, 0.42107316851615906, 0.551902174949646, 0.5632762908935547, 0.5806303024291992, 0.5673575401306152, 0.5831854343414307, 0.596795380115509, 0.6019412279129028, 0.62944495677948, 0.614060640335083, 0.6557243466377258], "regression_output_mean_squared_error": [0.01057515386492014, 0.004001972731202841, 0.0006955339922569692, 0.00036657272721640766, 0.00030434952350333333, 0.00027562264585867524, 0.00025287410244345665, 0.00023441697703674436, 0.00022943039948586375, 0.00023343192879110575, 0.0002248851233161986, 0.0002323392400285229, 0.00022559461649507284, 0.0002293804573128, 0.00022451355471275747, 0.00022784936300013214], "val_loss": [0.06859006732702255, 0.042159125208854675, 0.04061095044016838, 0.04084927588701248, 0.039526551961898804, 0.039111703634262085, 0.03942032903432846, 0.03930746018886566, 0.03999897837638855, 0.04385688900947571, 0.038884926587343216, 0.04065432399511337, 0.039303988218307495, 0.0391974002122879, 0.03946322947740555, 0.03940143808722496], "val_classification_output_loss": [0.13158729672431946, 0.08281926810741425, 0.08083462715148926, 0.08134498447179794, 0.0786881297826767, 0.07798781245946884, 0.07864797860383987, 0.07842393964529037, 0.0798194408416748, 0.0875190794467926, 0.07758225500583649, 0.08114666491746902, 0.07833124697208405, 0.07822231948375702, 0.07872548699378967, 0.07858255505561829], "val_regression_output_loss": [0.005579065531492233, 0.0014849986182525754, 0.00037362900911830366, 0.00033967604395002127, 0.00035099516389891505, 0.00022140867076814175, 0.0001785813074093312, 0.00017690559616312385, 0.00016464760119561106, 0.00018096638086717576, 0.000173791719134897, 0.0001481829531257972, 0.0002627493522595614, 0.0001584753190400079, 0.0001867247628979385, 0.00020603467419277877], "val_classification_output_accuracy": [0.9597066640853882, 0.9719733595848083, 0.9725599884986877, 0.9722133278846741, 0.9736533164978027, 0.9736533164978027, 0.9731733202934265, 0.9741600155830383, 0.973466694355011, 0.971893310546875, 0.9735999703407288, 0.9728000164031982, 0.9734933376312256, 0.9739199876785278, 0.9735199809074402, 0.9730666875839233], "val_classification_output_sensitivity_at_specificity": [0.3582385778427124, 0.30739110708236694, 0.3119502365589142, 0.3790495693683624, 0.386880487203598, 0.3674640655517578, 0.41337695717811584, 0.4098905920982361, 0.408603310585022, 0.5032181739807129, 0.45741257071495056, 0.3609740436077118, 0.3825359344482422, 0.4191160798072815, 0.39632052183151245, 0.39229780435562134], "val_regression_output_mean_squared_error": [0.005579065531492233, 0.0014849986182525754, 0.00037362900911830366, 0.00033967604395002127, 0.00035099516389891505, 0.00022140867076814175, 0.0001785813074093312, 0.00017690559616312385, 0.00016464760119561106, 0.00018096638086717576, 0.000173791719134897, 0.0001481829531257972, 0.0002627493522595614, 0.0001584753190400079, 0.0001867247628979385, 0.00020603467419277877]}