stat,value
sig_in_test,20000
bkg_in_test,400000
accuracy,0.9757714285714286
precision,0.9872049196587979
efficiency,0.4977
auc,0.9949920846874999
f1score,0.6617688203593293
test loss,0.09016454706815984
threshold,0.99807334
regression_R^2,0.9555728954258099
classification loss weight,0.5
regression loss weight,0.5
regression activation type,relu
