{"loss": [0.17555953562259674, 0.07932587713003159, 0.07354026287794113, 0.07127425074577332, 0.06990181654691696, 0.0684165507555008, 0.0662548765540123, 0.06596044450998306, 0.06499452143907547, 0.06324882805347443, 0.06309151649475098, 0.06225181370973587, 0.06148919835686684, 0.06026635691523552], "classification_output_loss": [0.18503408133983612, 0.08733885735273361, 0.08103710412979126, 0.07856694608926773, 0.0771196112036705, 0.07560478895902634, 0.07331621646881104, 0.0730590969324112, 0.07198489457368851, 0.07008904218673706, 0.06992197781801224, 0.06900152564048767, 0.06817147880792618, 0.06681589782238007], "regression_output_loss": [0.09020543098449707, 0.007122853305190802, 0.005975770298391581, 0.005545440595597029, 0.004846010822802782, 0.003626819932833314, 0.0026078657247126102, 0.0019773736130446196, 0.0019852120894938707, 0.0015909014036878943, 0.0015217398758977652, 0.0014090139884501696, 0.0012533847475424409, 0.0012263156240805984], "classification_output_accuracy": [0.946346640586853, 0.9715822339057922, 0.9725333452224731, 0.973413348197937, 0.9740889072418213, 0.9740889072418213, 0.9748177528381348, 0.9751377701759338, 0.9750577807426453, 0.9759466648101807, 0.9760888814926147, 0.9762755632400513, 0.9766044616699219, 0.9773955345153809], "classification_output_sensitivity_at_specificity": [0.23063267767429352, 0.23910033702850342, 0.41509267687797546, 0.4716324508190155, 0.4583717882633209, 0.5577824115753174, 0.5180359482765198, 0.5784101486206055, 0.5893985629081726, 0.6173045635223389, 0.652772843837738, 0.629304826259613, 0.6778208017349243, 0.677092969417572], "regression_output_mean_squared_error": [0.09020543098449707, 0.007122853305190802, 0.005975770298391581, 0.005545440595597029, 0.004846010822802782, 0.003626819932833314, 0.0026078657247126102, 0.0019773736130446196, 0.0019852120894938707, 0.0015909014036878943, 0.0015217398758977652, 0.0014090139884501696, 0.0012533847475424409, 0.0012263156240805984], "val_loss": [0.08567861467599869, 0.07434549927711487, 0.07152865827083588, 0.07021383196115494, 0.07030893117189407, 0.06902062147855759, 0.06922894716262817, 0.06959877163171768, 0.06839089840650558, 0.06931235641241074, 0.07151766866445541, 0.06996572762727737, 0.06930892169475555, 0.0712689459323883], "val_classification_output_loss": [0.09444000571966171, 0.08192330598831177, 0.07885487377643585, 0.07744021713733673, 0.07766222953796387, 0.07644139230251312, 0.07674966752529144, 0.07718385010957718, 0.07588353008031845, 0.07689359784126282, 0.07937990874052048, 0.07754058390855789, 0.07688704133033752, 0.07907071709632874], "val_regression_output_loss": [0.006744552403688431, 0.00605425238609314, 0.005498220212757587, 0.005081606563180685, 0.004034067969769239, 0.0021377161610871553, 0.0014472678303718567, 0.0012372739147394896, 0.0008615119149908423, 0.00098519679158926, 0.000662657548673451, 0.0016972176963463426, 0.0010108045535162091, 0.0009581015910953283], "val_classification_output_accuracy": [0.9708266854286194, 0.9731733202934265, 0.9738399982452393, 0.9743466377258301, 0.9738399982452393, 0.9745866656303406, 0.9746666550636292, 0.9739466905593872, 0.974506676197052, 0.9743199944496155, 0.9738666415214539, 0.974560022354126, 0.9747999906539917, 0.9733066558837891], "val_classification_output_sensitivity_at_specificity": [0.17730876803398132, 0.19128990173339844, 0.2649989426136017, 0.35756373405456543, 0.41895222663879395, 0.3605099618434906, 0.31990572810173035, 0.3467966616153717, 0.31154918670654297, 0.39565029740333557, 0.38391900062561035, 0.42050567269325256, 0.36040282249450684, 0.33677950501441956], "val_regression_output_mean_squared_error": [0.006744552403688431, 0.00605425238609314, 0.005498220212757587, 0.005081606563180685, 0.004034067969769239, 0.0021377161610871553, 0.0014472678303718567, 0.0012372739147394896, 0.0008615119149908423, 0.00098519679158926, 0.000662657548673451, 0.0016972176963463426, 0.0010108045535162091, 0.0009581015910953283]}