{"loss": [0.18726181983947754, 0.07332953065633774, 0.04576549306511879, 0.04172760248184204, 0.0403282567858696, 0.039503131061792374, 0.03839563950896263, 0.03803818300366402, 0.0374426394701004, 0.0367717482149601, 0.03641407564282417, 0.03609668090939522, 0.035766441375017166, 0.03543807938694954, 0.03494320437312126, 0.034871701151132584, 0.034203026443719864, 0.03403340280056, 0.0340338796377182], "classification_output_loss": [0.3204883337020874, 0.143755704164505, 0.09021871536970139, 0.08280836045742035, 0.08021296560764313, 0.07862839102745056, 0.0764387920498848, 0.07574301213026047, 0.07457909733057022, 0.07322297245264053, 0.07252465933561325, 0.07190121710300446, 0.07126107066869736, 0.07060115784406662, 0.06961764395236969, 0.06945710629224777, 0.06813202798366547, 0.06779773533344269, 0.06781227141618729], "regression_output_loss": [0.05401723086833954, 0.002885943977162242, 0.0012957066064700484, 0.0006305305287241936, 0.0004274935636203736, 0.000361771002644673, 0.0003365476441103965, 0.00031736318487674, 0.00029018952045589685, 0.0003042630560230464, 0.0002870176103897393, 0.0002753999433480203, 0.00025461267796345055, 0.0002577568811830133, 0.00025157674099318683, 0.0002692213747650385, 0.0002569436328485608, 0.00025173445465043187, 0.00023806966783013195], "classification_output_accuracy": [0.8921866416931152, 0.9584711194038391, 0.9704444408416748, 0.971822202205658, 0.9726755619049072, 0.973413348197937, 0.9742488861083984, 0.974328875541687, 0.9745155572891235, 0.9748888611793518, 0.9750755429267883, 0.9754489064216614, 0.9758310914039612, 0.9759644269943237, 0.9763911366462708, 0.9763644337654114, 0.9766222238540649, 0.976746678352356, 0.9769155383110046], "classification_output_sensitivity_at_specificity": [0.2744986414909363, 0.2849440276622772, 0.32199227809906006, 0.4175489842891693, 0.5268608927726746, 0.5680018663406372, 0.565563976764679, 0.5817925930023193, 0.5882876515388489, 0.6147837042808533, 0.5803868770599365, 0.6209050416946411, 0.6626154184341431, 0.714184045791626, 0.6919586658477783, 0.6761392951011658, 0.7272986173629761, 0.698151171207428, 0.7085075974464417], "regression_output_mean_squared_error": [0.05401723086833954, 0.002885943977162242, 0.0012957066064700484, 0.0006305305287241936, 0.0004274935636203736, 0.000361771002644673, 0.0003365476441103965, 0.00031736318487674, 0.00029018952045589685, 0.0003042630560230464, 0.0002870176103897393, 0.0002753999433480203, 0.00025461267796345055, 0.0002577568811830133, 0.00025157674099318683, 0.0002692213747650385, 0.0002569436328485608, 0.00025173445465043187, 0.00023806966783013195], "val_loss": [0.10176518559455872, 0.06520268321037292, 0.04598549008369446, 0.04049021005630493, 0.040262676775455475, 0.039044253528118134, 0.03853989765048027, 0.03864813223481178, 0.03912872448563576, 0.038151975721120834, 0.03920504078269005, 0.03908057510852814, 0.03889493644237518, 0.037845734506845474, 0.03793126344680786, 0.04009195789694786, 0.03959624841809273, 0.038378097116947174, 0.039367303252220154], "val_classification_output_loss": [0.19988968968391418, 0.12379258126020432, 0.09085772186517715, 0.08066819608211517, 0.07983572781085968, 0.07785668969154358, 0.0768887996673584, 0.07705138623714447, 0.07803408056497574, 0.07600639015436172, 0.07811810821294785, 0.07783821225166321, 0.07724495232105255, 0.07552631199359894, 0.0756676122546196, 0.0799844041466713, 0.07883913069963455, 0.07653189450502396, 0.07858125120401382], "val_regression_output_loss": [0.0036235079169273376, 0.006595858372747898, 0.0010965840192511678, 0.0002961686404887587, 0.0006736074574291706, 0.00021577860752586275, 0.00017480735550634563, 0.00022901600459590554, 0.0002071613707812503, 0.0002813283063005656, 0.000275392085313797, 0.00030595838325098157, 0.0005278156604617834, 0.00014772871509194374, 0.00017759531328920275, 0.00018250610446557403, 0.0003362573916092515, 0.000206914366572164, 0.00013577098434325308], "val_classification_output_accuracy": [0.9458933472633362, 0.9645866751670837, 0.9699466824531555, 0.973466694355011, 0.9736533164978027, 0.9744799733161926, 0.9746400117874146, 0.9747466444969177, 0.974453330039978, 0.9749333262443542, 0.9742933511734009, 0.9727733135223389, 0.9742133617401123, 0.9744799733161926, 0.9747999906539917, 0.9732533097267151, 0.973360002040863, 0.9740266799926758, 0.9735199809074402], "val_classification_output_sensitivity_at_specificity": [0.20523320138454437, 0.19629846513271332, 0.0, 0.23134605586528778, 0.0, 0.2850608825683594, 0.36903685331344604, 0.0, 0.29819709062576294, 0.3092591464519501, 0.0, 0.3549433648586273, 0.0, 0.3905227780342102, 0.35005050897598267, 0.3504759967327118, 0.0, 0.36409083008766174, 0.355049729347229], "val_regression_output_mean_squared_error": [0.0036235079169273376, 0.006595858372747898, 0.0010965840192511678, 0.0002961686404887587, 0.0006736074574291706, 0.00021577860752586275, 0.00017480738461017609, 0.00022901600459590554, 0.0002071613707812503, 0.0002813283063005656, 0.000275392085313797, 0.00030595838325098157, 0.0005278156604617834, 0.00014772871509194374, 0.00017759531328920275, 0.00018250610446557403, 0.0003362573916092515, 0.000206914366572164, 0.00013577098434325308]}