{"loss": [0.08732561022043228, 0.046098846942186356, 0.04380416125059128, 0.04258918762207031, 0.03948589786887169, 0.03868824616074562, 0.03807060047984123, 0.03735871985554695, 0.037128251045942307, 0.03661571443080902, 0.03618975728750229, 0.03557257726788521, 0.03552073612809181, 0.03491266444325447, 0.03499018773436546, 0.03474415838718414, 0.03455076739192009], "classification_output_loss": [0.14903312921524048, 0.08600959926843643, 0.08154343068599701, 0.0799289420247078, 0.07774186134338379, 0.07702495157718658, 0.07585718482732773, 0.07448150217533112, 0.07403670996427536, 0.07300926744937897, 0.07217350602149963, 0.07094136625528336, 0.07082253694534302, 0.06957834959030151, 0.06972398608922958, 0.06923206895589828, 0.06885059177875519], "regression_output_loss": [0.02559850737452507, 0.006169866304844618, 0.00604594498872757, 0.00522984005510807, 0.0012097323779016733, 0.0003310206811875105, 0.00026350264670327306, 0.0002155003894586116, 0.00019972228619735688, 0.00020231753296684474, 0.00018631495186127722, 0.0001844255457399413, 0.0001997325016418472, 0.00022807593632023782, 0.00023757693998049945, 0.00023763238277751952, 0.00023246873752214015], "classification_output_accuracy": [0.9562222361564636, 0.9718400239944458, 0.9724799990653992, 0.9732622504234314, 0.9737155437469482, 0.9740089178085327, 0.9741244316101074, 0.9748533368110657, 0.9746577739715576, 0.9747733473777771, 0.975475549697876, 0.9759822487831116, 0.9760800004005432, 0.9764177799224854, 0.9760888814926147, 0.9763289093971252, 0.9764622449874878], "classification_output_sensitivity_at_specificity": [0.24973319470882416, 0.3653859794139862, 0.41141942143440247, 0.4265919625759125, 0.44242262840270996, 0.4795980155467987, 0.5301138162612915, 0.5590003728866577, 0.6068481206893921, 0.6085912585258484, 0.658235490322113, 0.6313945055007935, 0.6615439057350159, 0.689950168132782, 0.6851298213005066, 0.674653172492981, 0.7396122217178345], "regression_output_mean_squared_error": [0.02559850737452507, 0.006169866304844618, 0.00604594498872757, 0.00522984005510807, 0.0012097323779016733, 0.0003310206811875105, 0.00026350264670327306, 0.0002155003894586116, 0.00019972228619735688, 0.00020231753296684474, 0.00018631495186127722, 0.0001844255457399413, 0.0001997325016418472, 0.00022807593632023782, 0.00023757693998049945, 0.00023763238277751952, 0.00023246873752214015], "val_loss": [0.048282235860824585, 0.04379096254706383, 0.042746007442474365, 0.041430480778217316, 0.03945783153176308, 0.03938623517751694, 0.04013945162296295, 0.03922518342733383, 0.03874874487519264, 0.039337847381830215, 0.038414712995290756, 0.03807073086500168, 0.03866245225071907, 0.03825535625219345, 0.03936036676168442, 0.039048437029123306, 0.0393587090075016], "val_classification_output_loss": [0.09033430367708206, 0.08138223737478256, 0.07956457883119583, 0.07871417701244354, 0.07834817469120026, 0.078545942902565, 0.07998843491077423, 0.07827061414718628, 0.07732905447483063, 0.0785047709941864, 0.07660379260778427, 0.07586023211479187, 0.07707415521144867, 0.07617819309234619, 0.07823388278484344, 0.07748109102249146, 0.07858365029096603], "val_regression_output_loss": [0.006211814004927874, 0.006181277800351381, 0.005908252205699682, 0.004126853309571743, 0.0005468892049975693, 0.00020595670503098518, 0.00026996550150215626, 0.0001596927468199283, 0.00014833954628556967, 0.00015118595911189914, 0.00020608263730537146, 0.0002620518207550049, 0.00023157562827691436, 0.0003136644954793155, 0.00046817620750516653, 0.0005970859783701599, 0.00011520557745825499], "val_classification_output_accuracy": [0.9713333249092102, 0.9725599884986877, 0.97298663854599, 0.9729066491127014, 0.9735466837882996, 0.973360002040863, 0.9728266596794128, 0.9738133549690247, 0.9740800261497498, 0.9735999703407288, 0.9737333059310913, 0.9742400050163269, 0.9738666415214539, 0.9744266867637634, 0.973413348197937, 0.9739999771118164, 0.97298663854599], "val_classification_output_sensitivity_at_specificity": [0.17097976803779602, 0.12209797650575638, 0.2576677203178406, 0.25090521574020386, 0.3021831810474396, 0.3463791310787201, 0.31522896885871887, 0.33109691739082336, 0.31293928623199463, 0.3566027581691742, 0.34771034121513367, 0.4314696490764618, 0.3623535633087158, 0.3125133216381073, 0.4021831750869751, 0.34201279282569885, 0.3509052097797394], "val_regression_output_mean_squared_error": [0.006211814004927874, 0.006181277800351381, 0.005908252205699682, 0.004126853309571743, 0.0005468892049975693, 0.00020595670503098518, 0.00026996550150215626, 0.0001596927468199283, 0.00014833954628556967, 0.00015118595911189914, 0.00020608263730537146, 0.0002620518207550049, 0.00023157562827691436, 0.0003136644954793155, 0.00046817620750516653, 0.0005970859783701599, 0.00011520557745825499]}