{"loss": [0.1397845596075058, 0.05013696476817131, 0.04504853114485741, 0.04320279508829117, 0.04197726398706436, 0.041563451290130615, 0.04040989279747009, 0.038869235664606094, 0.03764171153306961, 0.0370592437684536, 0.036804426461458206, 0.03654913231730461, 0.03618375584483147, 0.03566743806004524, 0.03537073731422424, 0.03493022173643112, 0.03488931804895401, 0.03431853652000427, 0.03437519818544388, 0.034112878143787384, 0.03419015556573868], "classification_output_loss": [0.19797766208648682, 0.09398266673088074, 0.08398441225290298, 0.08045788109302521, 0.07816916704177856, 0.07753879576921463, 0.07553600519895554, 0.07416760921478271, 0.07442251592874527, 0.07362683862447739, 0.07323241233825684, 0.07276532053947449, 0.07205277681350708, 0.07103874534368515, 0.07046487182378769, 0.0695815235376358, 0.06952022016048431, 0.06837157905101776, 0.0684945210814476, 0.06796896457672119, 0.06812150776386261], "regression_output_loss": [0.0815725326538086, 0.006271566264331341, 0.006091350223869085, 0.005925043951719999, 0.00576246902346611, 0.005565332714468241, 0.005261209327727556, 0.003548618406057358, 0.000839144573546946, 0.00047023792285472155, 0.0003554475260898471, 0.00031250473693944514, 0.000294464232865721, 0.00027643056819215417, 0.00025713341892696917, 0.0002597818966023624, 0.0002392283349763602, 0.00024652256979607046, 0.000237186424783431, 0.00023831323778722435, 0.00024061683507170528], "classification_output_accuracy": [0.9379289150238037, 0.9697688817977905, 0.9725155830383301, 0.9731466770172119, 0.9735822081565857, 0.9739644527435303, 0.974275529384613, 0.9747200012207031, 0.9750844240188599, 0.9748622179031372, 0.9751377701759338, 0.9753333330154419, 0.9751733541488647, 0.975546658039093, 0.9759111404418945, 0.9761333465576172, 0.9765777587890625, 0.9767555594444275, 0.9767377972602844, 0.9767022132873535, 0.9764888882637024], "classification_output_sensitivity_at_specificity": [0.11527854204177856, 0.1986192911863327, 0.2492927461862564, 0.2919239103794098, 0.3627208471298218, 0.39537036418914795, 0.43572407960891724, 0.4857925772666931, 0.45136380195617676, 0.4630891680717468, 0.5405049324035645, 0.5015034675598145, 0.5650765895843506, 0.5774247050285339, 0.6204116940498352, 0.6129744052886963, 0.5858762264251709, 0.6343078017234802, 0.6321014761924744, 0.6430973410606384, 0.6578652262687683], "regression_output_mean_squared_error": [0.0815725326538086, 0.006271566264331341, 0.006091350223869085, 0.005925043951719999, 0.00576246902346611, 0.005565332714468241, 0.005261209327727556, 0.003548618406057358, 0.000839144573546946, 0.00047023792285472155, 0.0003554475260898471, 0.00031250473693944514, 0.000294464232865721, 0.00027643056819215417, 0.00025713341892696917, 0.0002597818966023624, 0.0002392283349763602, 0.00024652256979607046, 0.000237186424783431, 0.00023831323778722435, 0.00024061683507170528], "val_loss": [0.05479820445179939, 0.04592519626021385, 0.043824903666973114, 0.042877450585365295, 0.041971057653427124, 0.04192902147769928, 0.04221397638320923, 0.03928504139184952, 0.03876517340540886, 0.0397765152156353, 0.04168787598609924, 0.03805069252848625, 0.041525378823280334, 0.03804866969585419, 0.038488615304231644, 0.037979356944561005, 0.038111962378025055, 0.038637880235910416, 0.038585562258958817, 0.03915631026029587, 0.038925036787986755], "val_classification_output_loss": [0.10311306267976761, 0.08579946309328079, 0.0816708505153656, 0.07978682965040207, 0.07829400897026062, 0.07827062159776688, 0.07942590117454529, 0.07716508209705353, 0.07701026648283005, 0.07907761633396149, 0.08309588581323624, 0.07589124888181686, 0.08279231935739517, 0.07589816302061081, 0.07667964696884155, 0.07577291131019592, 0.07604902982711792, 0.07702662795782089, 0.07694235444068909, 0.07806745916604996, 0.07749253511428833], "val_regression_output_loss": [0.006464572157710791, 0.006030403543263674, 0.005956657230854034, 0.005945183336734772, 0.005625440273433924, 0.005564806517213583, 0.004979691468179226, 0.0013830714160576463, 0.0004985437262803316, 0.00045443771523423493, 0.0002592327946331352, 0.00018977327272295952, 0.00023858327767811716, 0.00017963393474929035, 0.0002784195530693978, 0.0001666484895395115, 0.00015578132297378033, 0.00023037043865770102, 0.00021043392189312726, 0.00022685366275254637, 0.0003396499378141016], "val_classification_output_accuracy": [0.9684533476829529, 0.9714400172233582, 0.9725066423416138, 0.9732266664505005, 0.973360002040863, 0.9737333059310913, 0.9733866453170776, 0.9742666482925415, 0.9740533232688904, 0.9738933444023132, 0.9722933173179626, 0.9745333194732666, 0.9711733460426331, 0.9745333194732666, 0.9745866656303406, 0.9743466377258301, 0.9747999906539917, 0.9747200012207031, 0.9745866656303406, 0.9740800261497498, 0.9746400117874146], "val_classification_output_sensitivity_at_specificity": [0.2513698935508728, 0.39937224984169006, 0.5077406167984009, 0.5079001784324646, 0.5273714065551758, 0.513113796710968, 0.5302973985671997, 0.49183380603790283, 0.49715378880500793, 0.47422459721565247, 0.48305580019950867, 0.4654466211795807, 0.4852370023727417, 0.5110921859741211, 0.5601425766944885, 0.5467894077301025, 0.4675746262073517, 0.4024578332901001, 0.5083258152008057, 0.4436878263950348, 0.414800226688385], "val_regression_output_mean_squared_error": [0.006464572157710791, 0.006030403543263674, 0.005956657230854034, 0.005945183336734772, 0.005625440273433924, 0.005564806517213583, 0.004979691468179226, 0.0013830714160576463, 0.0004985437262803316, 0.00045443771523423493, 0.0002592327946331352, 0.00018977327272295952, 0.00023858327767811716, 0.00017963393474929035, 0.0002784195530693978, 0.0001666484895395115, 0.00015578132297378033, 0.00023037043865770102, 0.00021043392189312726, 0.00022685366275254637, 0.0003396499378141016]}