stat,value
sig_in_test,20000
bkg_in_test,400000
accuracy,0.9739357142857142
precision,0.9861454193964129
efficiency,0.45915
auc,0.9950459856874998
f1score,0.6265690228298897
test loss,0.08310985686222326
threshold,0.9992093
regression_R^2,0.9297589456960935
classification loss weight,0.5
regression loss weight,0.5
regression activation type,relu
