{"loss": [0.1681482493877411, 0.059434883296489716, 0.05363984778523445, 0.05150698497891426, 0.050175007432699203, 0.04966014623641968, 0.04868735745549202, 0.04801907017827034, 0.047207560390233994, 0.04638420417904854, 0.0460054911673069, 0.04572240635752678, 0.044952262192964554, 0.044256117194890976, 0.0441938154399395], "classification_output_loss": [0.18431274592876434, 0.09460058063268661, 0.08523938059806824, 0.0817364826798439, 0.07947897911071777, 0.07863112539052963, 0.0770232081413269, 0.0758952721953392, 0.07450328767299652, 0.07317226380109787, 0.0725637674331665, 0.07210978120565414, 0.07077047973871231, 0.06963588297367096, 0.06954997777938843], "regression_output_loss": [0.1438838243484497, 0.006671840790659189, 0.006225372664630413, 0.006146973930299282, 0.006203311029821634, 0.006187868304550648, 0.006168368738144636, 0.006189567502588034, 0.0062488773837685585, 0.006187171675264835, 0.0061534130945801735, 0.006126537919044495, 0.006210143677890301, 0.006171326618641615, 0.006144075654447079], "classification_output_accuracy": [0.9460800290107727, 0.969760000705719, 0.9716888666152954, 0.9728000164031982, 0.9735288619995117, 0.9736800193786621, 0.9736621975898743, 0.9741688966751099, 0.9743911027908325, 0.9749510884284973, 0.9751999974250793, 0.9755733609199524, 0.9755555391311646, 0.9765511155128479, 0.9763022065162659], "classification_output_sensitivity_at_specificity": [0.2751760184764862, 0.2787497341632843, 0.3207453191280365, 0.338382750749588, 0.4526349604129791, 0.47880661487579346, 0.5384929776191711, 0.6031221151351929, 0.641597330570221, 0.6304138898849487, 0.6612438559532166, 0.677067756652832, 0.6563366651535034, 0.7264952659606934, 0.6888734698295593], "regression_output_mean_squared_error": [0.1438838243484497, 0.006671840790659189, 0.006225372664630413, 0.006146973930299282, 0.006203311029821634, 0.006187868304550648, 0.006168368738144636, 0.006189567502588034, 0.0062488773837685585, 0.006187171675264835, 0.0061534130945801735, 0.006126537919044495, 0.006210143677890301, 0.006171326618641615, 0.006144075654447079], "val_loss": [0.06545001268386841, 0.052827127277851105, 0.0506780780851841, 0.04889519140124321, 0.04821513965725899, 0.04865168407559395, 0.04696115106344223, 0.04879901185631752, 0.047200966626405716, 0.04637539014220238, 0.04706134274601936, 0.04847010225057602, 0.047483403235673904, 0.04689301922917366, 0.047705017030239105], "val_classification_output_loss": [0.1016269400715828, 0.08295290917158127, 0.08025248348712921, 0.07741295546293259, 0.07624557614326477, 0.0769684761762619, 0.07414963841438293, 0.0772053673863411, 0.07458498328924179, 0.07321471720933914, 0.0743856281042099, 0.07574214041233063, 0.07491675764322281, 0.07388613373041153, 0.07478631287813187], "val_regression_output_loss": [0.011169984936714172, 0.007623724173754454, 0.006300769280642271, 0.006102706305682659, 0.006153641734272242, 0.006161029916256666, 0.006163323763757944, 0.0061744097620248795, 0.006110172253102064, 0.006101712584495544, 0.006060117390006781, 0.007547189947217703, 0.006318388041108847, 0.006388010457158089, 0.0070677874609827995], "val_classification_output_accuracy": [0.9702399969100952, 0.9725066423416138, 0.9734399914741516, 0.9739466905593872, 0.974453330039978, 0.9739999771118164, 0.9748266935348511, 0.9735999703407288, 0.9748266935348511, 0.9757066369056702, 0.9747999906539917, 0.9751999974250793, 0.9747200012207031, 0.9758666753768921, 0.9751999974250793], "val_classification_output_sensitivity_at_specificity": [0.3961932063102722, 0.3602580428123474, 0.38904884457588196, 0.3213904798030853, 0.35807207226753235, 0.327628493309021, 0.3590850830078125, 0.3391447961330414, 0.34383663535118103, 0.3256557881832123, 0.3411175012588501, 0.30161014199256897, 0.3485284745693207, 0.33471956849098206, 0.2819897532463074], "val_regression_output_mean_squared_error": [0.011169984936714172, 0.007623724173754454, 0.006300769280642271, 0.006102706305682659, 0.006153641734272242, 0.006161029916256666, 0.006163323763757944, 0.0061744097620248795, 0.006110172253102064, 0.006101712584495544, 0.006060117390006781, 0.007547189947217703, 0.006318388041108847, 0.006388010457158089, 0.0070677874609827995]}