{"loss": [0.12025316059589386, 0.05325936898589134, 0.046610645949840546, 0.044598378241062164, 0.04227408766746521, 0.03971640765666962, 0.03934633731842041, 0.038440655916929245, 0.037996333092451096, 0.03764485940337181, 0.037072401493787766, 0.03655993193387985, 0.036286965012550354, 0.036035869270563126, 0.03576495870947838, 0.035408519208431244, 0.035079408437013626], "classification_output_loss": [0.21373407542705536, 0.10032279789447784, 0.08706009387969971, 0.08321148157119751, 0.0806073471903801, 0.07888388633728027, 0.07835456728935242, 0.07659707218408585, 0.07573816925287247, 0.07504557073116302, 0.07391098141670227, 0.0728900283575058, 0.07235358655452728, 0.07184803485870361, 0.07131153345108032, 0.07060489803552628, 0.06993173062801361], "regression_output_loss": [0.026755690574645996, 0.006176702678203583, 0.006139702629297972, 0.005962943658232689, 0.003918022383004427, 0.0005258076707832515, 0.00031483598286285996, 0.0002609230577945709, 0.00023134589719120413, 0.00022129350691102445, 0.000211084057809785, 0.00020694479462690651, 0.00019719911506399512, 0.00020022073294967413, 0.00019477221940178424, 0.00018834583170246333, 0.00020309850515332073], "classification_output_accuracy": [0.9252178072929382, 0.9674400091171265, 0.9715288877487183, 0.972000002861023, 0.9729333519935608, 0.9730666875839233, 0.9732089042663574, 0.9737244248390198, 0.9743022322654724, 0.9743644595146179, 0.974631130695343, 0.9749510884284973, 0.9755911231040955, 0.975600004196167, 0.9758222103118896, 0.9759911298751831, 0.9762222170829773], "classification_output_sensitivity_at_specificity": [0.15874910354614258, 0.27747684717178345, 0.3107982873916626, 0.4016749858856201, 0.42279043793678284, 0.4341945946216583, 0.4959016442298889, 0.5101033449172974, 0.5377049446105957, 0.5735744833946228, 0.5019779205322266, 0.613399863243103, 0.6025837659835815, 0.5820741057395935, 0.6240378022193909, 0.6777085065841675, 0.6827155947685242], "regression_output_mean_squared_error": [0.026755690574645996, 0.006176702678203583, 0.006139702629297972, 0.005962943658232689, 0.003918022383004427, 0.0005258076707832515, 0.00031483598286285996, 0.0002609230577945709, 0.00023134589719120413, 0.00022129350691102445, 0.000211084057809785, 0.00020694479462690651, 0.00019719911506399512, 0.00020022073294967413, 0.00019477221940178424, 0.00018834583170246333, 0.00020309850515332073], "val_loss": [0.058280929923057556, 0.04675350710749626, 0.04284632205963135, 0.04216805845499039, 0.0412980392575264, 0.03848804160952568, 0.03765110298991203, 0.037510424852371216, 0.03822760656476021, 0.03722649812698364, 0.03887886926531792, 0.03714426979422569, 0.03794260323047638, 0.04135020449757576, 0.038472142070531845, 0.03755299374461174, 0.03788505122065544], "val_classification_output_loss": [0.11032002419233322, 0.0873325765132904, 0.07952198386192322, 0.07868027687072754, 0.07785520702600479, 0.07657218724489212, 0.07501254975795746, 0.07465042173862457, 0.07622852921485901, 0.07424580305814743, 0.0775822252035141, 0.07408616691827774, 0.07572250068187714, 0.08250576257705688, 0.07679145038127899, 0.0749274492263794, 0.0755418911576271], "val_regression_output_loss": [0.006224039010703564, 0.006153714377433062, 0.0061485948972404, 0.005633316468447447, 0.0047178626991808414, 0.0003807044413406402, 0.00026629914646036923, 0.000347154273185879, 0.0002036871446762234, 0.00018445152090862393, 0.0001526963314972818, 0.00017951139307115227, 0.0001393829588778317, 0.0001711253571556881, 0.00012912564852740616, 0.0001545983541291207, 0.00020403887901920825], "val_classification_output_accuracy": [0.9642666578292847, 0.9717599749565125, 0.9736533164978027, 0.97298663854599, 0.9737866520881653, 0.974453330039978, 0.9750400185585022, 0.9750133156776428, 0.9744266867637634, 0.9749866724014282, 0.9733866453170776, 0.9749866724014282, 0.9741866588592529, 0.9711199998855591, 0.9737333059310913, 0.9743199944496155, 0.9738666415214539], "val_classification_output_sensitivity_at_specificity": [0.291790246963501, 0.33580508828163147, 0.4121292233467102, 0.4240466058254242, 0.4043961763381958, 0.4439089000225067, 0.3890889883041382, 0.40132415294647217, 0.32499998807907104, 0.42584747076034546, 0.43808263540267944, 0.4519067704677582, 0.4391419589519501, 0.45201271772384644, 0.4541313648223877, 0.47388771176338196, 0.4121822118759155], "val_regression_output_mean_squared_error": [0.006224039010703564, 0.006153714377433062, 0.0061485948972404, 0.005633316468447447, 0.0047178626991808414, 0.0003807044413406402, 0.00026629911735653877, 0.000347154273185879, 0.0002036871446762234, 0.00018445152090862393, 0.0001526963314972818, 0.00017951139307115227, 0.0001393829588778317, 0.0001711253571556881, 0.00012912564852740616, 0.0001545983541291207, 0.00020403887901920825]}