{"loss": [0.08687326312065125, 0.05039607733488083, 0.04655347391963005, 0.044303301721811295, 0.04181240126490593, 0.039822712540626526, 0.039043065160512924, 0.03850606083869934, 0.03759068623185158, 0.03732003644108772, 0.03690919280052185, 0.03649812564253807, 0.03571522235870361, 0.03552849590778351, 0.035303279757499695, 0.03501228988170624], "classification_output_loss": [0.14296391606330872, 0.09467557817697525, 0.08711965382099152, 0.08343138545751572, 0.08152391761541367, 0.07895997166633606, 0.07760205864906311, 0.07660367339849472, 0.0748128741979599, 0.07429183274507523, 0.0734909176826477, 0.07267865538597107, 0.07111873477697372, 0.07076327502727509, 0.07031625509262085, 0.06972025334835052], "regression_output_loss": [0.030761484056711197, 0.00609733397141099, 0.0059697250835597515, 0.005157969892024994, 0.002082822611555457, 0.0006652039010077715, 0.0004628984024748206, 0.0003867197665385902, 0.0003465425397735089, 0.0003262938989792019, 0.00030542610329575837, 0.0002954535884782672, 0.0002893646014854312, 0.00027118471916764975, 0.00026738803717307746, 0.0002809863071888685], "classification_output_accuracy": [0.9507644176483154, 0.9680088758468628, 0.9705066680908203, 0.9717066884040833, 0.9725955724716187, 0.9740355610847473, 0.9740710854530334, 0.9740800261497498, 0.9749955534934998, 0.9749600291252136, 0.9754400253295898, 0.9759644269943237, 0.9764533042907715, 0.9763289093971252, 0.9760711193084717, 0.976568877696991], "classification_output_sensitivity_at_specificity": [0.19128777086734772, 0.2595679461956024, 0.3233780264854431, 0.38414275646209717, 0.4310341775417328, 0.4296094477176666, 0.40246835350990295, 0.45195990800857544, 0.494274377822876, 0.538138210773468, 0.51103276014328, 0.5623586177825928, 0.5637833476066589, 0.5667753219604492, 0.5203825235366821, 0.6023401021957397], "regression_output_mean_squared_error": [0.030761484056711197, 0.00609733397141099, 0.0059697250835597515, 0.005157969892024994, 0.002082822611555457, 0.0006652039010077715, 0.0004628984024748206, 0.00038671973743475974, 0.0003465425397735089, 0.0003262938989792019, 0.00030542610329575837, 0.0002954535884782672, 0.0002893646014854312, 0.00027118471916764975, 0.00026738803717307746, 0.0002809863071888685], "val_loss": [0.07172194868326187, 0.04815546050667763, 0.04554717615246773, 0.044310394674539566, 0.04575008898973465, 0.0457586832344532, 0.0549488291144371, 0.04204811900854111, 0.03912899270653725, 0.040339503437280655, 0.038787826895713806, 0.04579005390405655, 0.038970574736595154, 0.0402001291513443, 0.04361742362380028, 0.04029595106840134], "val_classification_output_loss": [0.1372457891702652, 0.09019724279642105, 0.08513984829187393, 0.08278702199459076, 0.09041044861078262, 0.09076961874961853, 0.10952530056238174, 0.08373929560184479, 0.07795990258455276, 0.08027829974889755, 0.07731831818819046, 0.09131202846765518, 0.07753065973520279, 0.08012489974498749, 0.08702781051397324, 0.08030965179204941], "val_regression_output_loss": [0.006178147159516811, 0.006095352582633495, 0.005937261041253805, 0.005816548131406307, 0.0010708660120144486, 0.0007268410408869386, 0.00035100363311357796, 0.0003351403574924916, 0.00027609604876488447, 0.0003786511952057481, 0.00023530644830316305, 0.0002457764057908207, 0.0003879242576658726, 0.0002526346070226282, 0.00018404524598736316, 0.00025881247711367905], "val_classification_output_accuracy": [0.9568533301353455, 0.9695199728012085, 0.9711733460426331, 0.9719200134277344, 0.969653308391571, 0.9709333181381226, 0.9660800099372864, 0.9724799990653992, 0.9735733270645142, 0.9733866453170776, 0.9734933376312256, 0.9712533354759216, 0.9735466837882996, 0.9736533164978027, 0.9717066884040833, 0.9734933376312256], "val_classification_output_sensitivity_at_specificity": [0.177887424826622, 0.22436203062534332, 0.3259058892726898, 0.3557218015193939, 0.32537534832954407, 0.34707412123680115, 0.44278210401535034, 0.41620245575904846, 0.4243195950984955, 0.42092418670654297, 0.4385909140110016, 0.4494137763977051, 0.4202345013618469, 0.41991618275642395, 0.4477160573005676, 0.4323836863040924], "val_regression_output_mean_squared_error": [0.006178147159516811, 0.006095352582633495, 0.005937261041253805, 0.005816548131406307, 0.0010708660120144486, 0.0007268410408869386, 0.00035100363311357796, 0.0003351403574924916, 0.00027609604876488447, 0.0003786511952057481, 0.00023530644830316305, 0.0002457764057908207, 0.0003879242576658726, 0.0002526346070226282, 0.00018404524598736316, 0.00025881247711367905]}