{"loss": [0.06669596582651138, 0.04451601579785347, 0.04077607020735741, 0.038987770676612854, 0.03827787935733795, 0.037467457354068756, 0.03670772910118103, 0.03634902834892273, 0.03562911972403526, 0.035285547375679016, 0.034810565412044525], "classification_output_loss": [0.12275896966457367, 0.08316123485565186, 0.07939542829990387, 0.07753778994083405, 0.07619733363389969, 0.07459620386362076, 0.07308000326156616, 0.07234686613082886, 0.07091277092695236, 0.07023818790912628, 0.06929763406515121], "regression_output_loss": [0.010611816309392452, 0.005848556756973267, 0.00213435385376215, 0.0004152842448092997, 0.0003364024159964174, 0.00031710488838143647, 0.00031426106579601765, 0.00033043581061065197, 0.0003252594033256173, 0.00031270136241801083, 0.00030339841032400727], "classification_output_accuracy": [0.9637244343757629, 0.9725599884986877, 0.9734399914741516, 0.9741866588592529, 0.974631130695343, 0.9746844172477722, 0.9757866859436035, 0.9754133224487305, 0.9762488603591919, 0.9764622449874878, 0.9765777587890625], "classification_output_sensitivity_at_specificity": [0.1859687864780426, 0.27498844265937805, 0.34206876158714294, 0.3412509262561798, 0.4208121597766876, 0.4147850573062897, 0.4261636435985565, 0.5226683020591736, 0.4865412712097168, 0.5254062414169312, 0.5709205865859985], "regression_output_mean_squared_error": [0.010611816309392452, 0.005848556756973267, 0.00213435385376215, 0.0004152842448092997, 0.0003364024159964174, 0.00031710488838143647, 0.00031426106579601765, 0.00033043581061065197, 0.0003252594033256173, 0.00031270136241801083, 0.00030339841032400727], "val_loss": [0.0625038892030716, 0.04336429759860039, 0.038488563150167465, 0.038528770208358765, 0.03911469876766205, 0.037806082516908646, 0.03837740048766136, 0.038132913410663605, 0.03807150572538376, 0.03859538584947586, 0.039217326790094376], "val_classification_output_loss": [0.11880265921354294, 0.07989669591188431, 0.07656342536211014, 0.0762183740735054, 0.0762326568365097, 0.0753999873995781, 0.07620714604854584, 0.07571905106306076, 0.07588065415620804, 0.076968252658844, 0.07821658253669739], "val_regression_output_loss": [0.006183209363371134, 0.006809523794800043, 0.00039133024984039366, 0.0008169258362613618, 0.0019748518243432045, 0.00019083755614701658, 0.0005268200766295195, 0.0005264860228635371, 0.00024201952328439802, 0.00020229091751389205, 0.0001982059038709849], "val_classification_output_accuracy": [0.9643733501434326, 0.9733066558837891, 0.9740800261497498, 0.9747999906539917, 0.974560022354126, 0.9749866724014282, 0.9745866656303406, 0.9746933579444885, 0.9753066897392273, 0.9747466444969177, 0.9735999703407288], "val_classification_output_sensitivity_at_specificity": [0.12557321786880493, 0.33256906270980835, 0.3643489480018616, 0.41159218549728394, 0.39351606369018555, 0.5015996694564819, 0.4635811150074005, 0.4720592796802521, 0.3874906599521637, 0.45819559693336487, 0.44929081201553345], "val_regression_output_mean_squared_error": [0.006183209363371134, 0.006809523794800043, 0.00039133024984039366, 0.0008169258362613618, 0.0019748518243432045, 0.00019083755614701658, 0.0005268200766295195, 0.0005264860228635371, 0.00024201952328439802, 0.00020229091751389205, 0.0001982059038709849]}