{"loss": [0.12631596624851227, 0.04807818681001663, 0.045215148478746414, 0.04336220398545265, 0.04225733131170273, 0.04154457151889801, 0.0406486950814724, 0.04027280956506729, 0.03972756117582321, 0.03890719264745712, 0.0377911776304245, 0.03597690537571907, 0.03523202985525131, 0.03525356203317642, 0.034586165100336075, 0.03430773690342903, 0.03412637487053871, 0.0337388701736927, 0.03319139406085014], "classification_output_loss": [0.15045112371444702, 0.08984867483377457, 0.08431873470544815, 0.08069787919521332, 0.07857293635606766, 0.07722011208534241, 0.07548756897449493, 0.07481463253498077, 0.07379039376974106, 0.07229169458150864, 0.0716642290353775, 0.07128293067216873, 0.07009389251470566, 0.07020628452301025, 0.06891848891973495, 0.06837330013513565, 0.06803248822689056, 0.06727238744497299, 0.06619230657815933], "regression_output_loss": [0.10215672105550766, 0.006285493727773428, 0.006089112255722284, 0.006003416143357754, 0.005918956361711025, 0.005846306215971708, 0.005786829628050327, 0.005708002485334873, 0.005641283467411995, 0.00549917621538043, 0.003894474357366562, 0.0006473636021837592, 0.00034697470255196095, 0.0002780029608402401, 0.00023113974020816386, 0.0002198194561060518, 0.00019799123401753604, 0.00018338025256525725, 0.00016875006258487701], "classification_output_accuracy": [0.9461333155632019, 0.9704533219337463, 0.972017765045166, 0.9729333519935608, 0.9733688831329346, 0.9739199876785278, 0.9743022322654724, 0.9745422005653381, 0.9749866724014282, 0.97552889585495, 0.9757511019706726, 0.9760444164276123, 0.9760088920593262, 0.9759733080863953, 0.976746678352356, 0.9766311049461365, 0.9769955277442932, 0.977013349533081, 0.9777244329452515], "classification_output_sensitivity_at_specificity": [0.24892932176589966, 0.29509711265563965, 0.31087732315063477, 0.3472713232040405, 0.40882837772369385, 0.46654701232910156, 0.45805269479751587, 0.4687327742576599, 0.5272333025932312, 0.4953707754611969, 0.49208325147628784, 0.5369182229042053, 0.5325466990470886, 0.5959163308143616, 0.602686882019043, 0.6017095446586609, 0.6262683868408203, 0.6690064668655396, 0.6142377257347107], "regression_output_mean_squared_error": [0.10215672105550766, 0.006285493727773428, 0.006089112255722284, 0.006003416143357754, 0.005918956361711025, 0.005846306215971708, 0.005786829628050327, 0.005708002485334873, 0.005641283467411995, 0.00549917621538043, 0.003894474357366562, 0.0006473636021837592, 0.00034697470255196095, 0.0002780029608402401, 0.00023113974020816386, 0.0002198194561060518, 0.00019799123401753604, 0.00018338025256525725, 0.00016875006258487701], "val_loss": [0.04849180579185486, 0.04527625814080238, 0.04467594996094704, 0.04221814498305321, 0.0410761833190918, 0.04124046117067337, 0.040214598178863525, 0.039870262145996094, 0.040479451417922974, 0.0398348905146122, 0.03686252981424332, 0.037308577448129654, 0.03688117489218712, 0.03668137639760971, 0.03698647767305374, 0.037704236805438995, 0.03684603050351143, 0.0379922091960907, 0.03801996260881424], "val_classification_output_loss": [0.08988992124795914, 0.08395441621541977, 0.08296792209148407, 0.07767675071954727, 0.07564996182918549, 0.07590354979038239, 0.07396236062049866, 0.07336196303367615, 0.07493560761213303, 0.07370816916227341, 0.07261964678764343, 0.07426661998033524, 0.07340582460165024, 0.07317085564136505, 0.07370436191558838, 0.0752498060464859, 0.07352075725793839, 0.07580279558897018, 0.07589871436357498], "val_regression_output_loss": [0.0070709725841879845, 0.006575961131602526, 0.006361008156090975, 0.006736555602401495, 0.006479592062532902, 0.006554632447659969, 0.006443782709538937, 0.006355193443596363, 0.005999554414302111, 0.005937935318797827, 0.0010816012509167194, 0.0003270551678724587, 0.00033342084498144686, 0.0001691659854259342, 0.00024606467923149467, 0.0001364641502732411, 0.0001491896400693804, 0.0001597928931005299, 0.00011968528997385874], "val_classification_output_accuracy": [0.9702399969100952, 0.9712799787521362, 0.9709600210189819, 0.9732800126075745, 0.9745333194732666, 0.9739999771118164, 0.9748533368110657, 0.9756266474723816, 0.9749600291252136, 0.9752533435821533, 0.9759200215339661, 0.9753066897392273, 0.9751999974250793, 0.9753066897392273, 0.9753333330154419, 0.9737066626548767, 0.9753866791725159, 0.9744266867637634, 0.9748533368110657], "val_classification_output_sensitivity_at_specificity": [0.3525391221046448, 0.3819618821144104, 0.3795055150985718, 0.3802531063556671, 0.3981417119503021, 0.45768141746520996, 0.5169007182121277, 0.47978854179382324, 0.4339723289012909, 0.5312116146087646, 0.47978854179382324, 0.4865168035030365, 0.47626420855522156, 0.46088534593582153, 0.4804293215274811, 0.47941476106643677, 0.4104768633842468, 0.4489240050315857, 0.4323703646659851], "val_regression_output_mean_squared_error": [0.0070709725841879845, 0.006575961131602526, 0.006361008156090975, 0.006736555602401495, 0.006479592062532902, 0.006554632447659969, 0.006443782709538937, 0.006355193443596363, 0.005999554414302111, 0.005937935318797827, 0.0010816012509167194, 0.0003270551678724587, 0.00033342084498144686, 0.0001691659854259342, 0.00024606467923149467, 0.0001364641502732411, 0.0001491896400693804, 0.0001597928931005299, 0.00011968528997385874]}