{"loss": [0.10521210730075836, 0.04870692268013954, 0.04500802233815193, 0.04352864995598793, 0.04169423133134842, 0.03928232192993164, 0.038607336580753326, 0.03795424848794937, 0.037438683211803436, 0.03706066310405731, 0.03616943582892418, 0.035665225237607956, 0.03539123758673668, 0.034789104014635086, 0.03448164463043213], "classification_output_loss": [0.18664447963237762, 0.09118514508008957, 0.08378828316926956, 0.0809846967458725, 0.07953935861587524, 0.07790366560220718, 0.0766867846250534, 0.07545129954814911, 0.07441830635070801, 0.07364107668399811, 0.07194799929857254, 0.07085540145635605, 0.07033253461122513, 0.06912927329540253, 0.06857550889253616], "regression_output_loss": [0.02376610040664673, 0.006213241256773472, 0.006209794897586107, 0.006053558550775051, 0.0038293395191431046, 0.0006406782194972038, 0.0005072033382020891, 0.0004366489592939615, 0.0004385692300274968, 0.00045957526890560985, 0.00037002729368396103, 0.00045384964323602617, 0.00042875204235315323, 0.0004276641411706805, 0.0003662378585431725], "classification_output_accuracy": [0.9384177923202515, 0.9703288674354553, 0.9720444679260254, 0.9728088974952698, 0.9735644459724426, 0.9738577604293823, 0.9746044278144836, 0.974631130695343, 0.9750221967697144, 0.9748799800872803, 0.975724458694458, 0.9762488603591919, 0.9763200283050537, 0.9764444231987, 0.9768444299697876], "classification_output_sensitivity_at_specificity": [0.11951354146003723, 0.1809084564447403, 0.25537294149398804, 0.3812254071235657, 0.4177810251712799, 0.4312601387500763, 0.38427022099494934, 0.4010612368583679, 0.45333951711654663, 0.5168355107307434, 0.5076476335525513, 0.5254001617431641, 0.5355495810508728, 0.5369028449058533, 0.5807411074638367], "regression_output_mean_squared_error": [0.02376610040664673, 0.006213241256773472, 0.006209794897586107, 0.006053558550775051, 0.0038293395191431046, 0.0006406782194972038, 0.0005072033382020891, 0.0004366489592939615, 0.0004385692300274968, 0.00045957526890560985, 0.00037002729368396103, 0.00045384964323602617, 0.00042875204235315323, 0.0004276641411706805, 0.0003662378585431725], "val_loss": [0.056991998106241226, 0.045971713960170746, 0.045201558619737625, 0.04126933217048645, 0.03853904455900192, 0.03794756904244423, 0.041925977915525436, 0.03769512102007866, 0.03774499148130417, 0.0372823029756546, 0.038816098123788834, 0.0392451211810112, 0.03793523460626602, 0.03770708665251732, 0.03894329443573952], "val_classification_output_loss": [0.10770116746425629, 0.08565306663513184, 0.08413121104240417, 0.07685919851064682, 0.0760638490319252, 0.0755697637796402, 0.0835019201040268, 0.0750400498509407, 0.07461465895175934, 0.07417092472314835, 0.07737552374601364, 0.07821713387966156, 0.07448723912239075, 0.07509966939687729, 0.07765702158212662], "val_regression_output_loss": [0.006269047502428293, 0.006273120176047087, 0.006253420375287533, 0.0056599159725010395, 0.0009942157194018364, 0.00030486786272376776, 0.0003294288762845099, 0.0003296708164270967, 0.0008546384633518755, 0.0003729315649252385, 0.00023567852622363716, 0.0002520236012060195, 0.0013620385434478521, 0.00029309402452781796, 0.0002077949611702934], "val_classification_output_accuracy": [0.9687466621398926, 0.9718666672706604, 0.9725599884986877, 0.9747999906539917, 0.9751466512680054, 0.9749600291252136, 0.9731466770172119, 0.975493311882019, 0.9751200079917908, 0.9752533435821533, 0.9743466377258301, 0.9730666875839233, 0.9751200079917908, 0.975226640701294, 0.9741066694259644], "val_classification_output_sensitivity_at_specificity": [0.29476088285446167, 0.39630553126335144, 0.4341525435447693, 0.580710232257843, 0.39466002583503723, 0.49010032415390015, 0.5084133744239807, 0.4706725478172302, 0.6022612452507019, 0.462444931268692, 0.6203089356422424, 0.6065608859062195, 0.5955730080604553, 0.6123467087745667, 0.6186634302139282], "val_regression_output_mean_squared_error": [0.006269047502428293, 0.006273120176047087, 0.006253420375287533, 0.0056599159725010395, 0.0009942157194018364, 0.00030486786272376776, 0.0003294288762845099, 0.0003296708164270967, 0.0008546384633518755, 0.0003729315649252385, 0.00023567852622363716, 0.0002520236012060195, 0.0013620385434478521, 0.00029309396632015705, 0.0002077949611702934]}