{"loss": [0.16847039759159088, 0.08329589664936066, 0.07917768508195877, 0.0763746127486229, 0.07410974055528641, 0.07341253757476807, 0.07223876565694809, 0.07140085846185684, 0.06994091719388962, 0.06905653327703476, 0.06883902847766876, 0.0677005872130394, 0.06652271002531052], "accuracy": [0.9513422250747681, 0.9728266596794128, 0.9739199876785278, 0.9743911027908325, 0.9748978018760681, 0.975546658039093, 0.9755733609199524, 0.9756088852882385, 0.9762222170829773, 0.9766133427619934, 0.9767199754714966, 0.9767289161682129, 0.9773155450820923], "sensitivity_at_specificity": [0.20250867307186127, 0.22337870299816132, 0.3575838506221771, 0.4711146652698517, 0.4899030327796936, 0.5057201385498047, 0.5827239751815796, 0.6175607442855835, 0.614696204662323, 0.6595320701599121, 0.6663108468055725, 0.6805800199508667, 0.7014500498771667], "val_loss": [0.09140068292617798, 0.08133803308010101, 0.0797705203294754, 0.07956312596797943, 0.0788998082280159, 0.07734467834234238, 0.07850652933120728, 0.0762983039021492, 0.07658886909484863, 0.0764412209391594, 0.07699532806873322, 0.076414093375206, 0.07807982712984085], "val_accuracy": [0.9694933295249939, 0.9727200269699097, 0.9731733202934265, 0.9728800058364868, 0.973360002040863, 0.9741066694259644, 0.9732800126075745, 0.974133312702179, 0.9739466905593872, 0.974453330039978, 0.9737866520881653, 0.9738933444023132, 0.9739999771118164], "val_sensitivity_at_specificity": [0.3600425720214844, 0.4475126266479492, 0.5043894648551941, 0.5017291903495789, 0.5185953974723816, 0.5034849643707275, 0.5575951337814331, 0.5706304907798767, 0.535940408706665, 0.5141792893409729, 0.5144453048706055, 0.5512104034423828, 0.49013036489486694]}