{"loss": [0.13802319765090942, 0.051735855638980865, 0.047360435128211975, 0.04525391012430191, 0.04349350184202194, 0.04257434979081154, 0.041638948023319244, 0.040802035480737686, 0.040010254830121994, 0.039985235780477524, 0.03928297013044357, 0.038527630269527435, 0.03831959888339043, 0.0377485491335392, 0.03748561814427376, 0.03691916540265083], "classification_output_loss": [0.21134331822395325, 0.09690410643815994, 0.08840291947126389, 0.08423708379268646, 0.08073864877223969, 0.07889516651630402, 0.07702434808015823, 0.07536293566226959, 0.07376159727573395, 0.07373318821191788, 0.07232090830802917, 0.07080285251140594, 0.07036963850259781, 0.06923817843198776, 0.06871891766786575, 0.06758979707956314], "regression_output_loss": [0.06468255817890167, 0.006546280346810818, 0.006296147592365742, 0.00624817656353116, 0.006225757300853729, 0.006230796221643686, 0.0062302760779857635, 0.006217820104211569, 0.006235560867935419, 0.0062138657085597515, 0.006221163552254438, 0.006228083278983831, 0.0062449295073747635, 0.006234537344425917, 0.0062279957346618176, 0.00622395658865571], "classification_output_accuracy": [0.941706657409668, 0.9678400158882141, 0.9697866439819336, 0.9711822271347046, 0.9722933173179626, 0.9728088974952698, 0.9736533164978027, 0.9744622111320496, 0.9743377566337585, 0.974560022354126, 0.9748888611793518, 0.975653350353241, 0.975422203540802, 0.9760888814926147, 0.9762133359909058, 0.9764088988304138], "classification_output_sensitivity_at_specificity": [0.28905126452445984, 0.3155209422111511, 0.43080368638038635, 0.4645618796348572, 0.5142303705215454, 0.5281140804290771, 0.5728405714035034, 0.5848221182823181, 0.6457433104515076, 0.6453522443771362, 0.7062911987304688, 0.6612980365753174, 0.6939363479614258, 0.6692976355552673, 0.7234458327293396, 0.7183794379234314], "regression_output_mean_squared_error": [0.06468255817890167, 0.006546279415488243, 0.006296147592365742, 0.00624817656353116, 0.006225757300853729, 0.006230796221643686, 0.0062302760779857635, 0.006217820104211569, 0.006235560867935419, 0.0062138657085597515, 0.006221163552254438, 0.006228083278983831, 0.0062449295073747635, 0.006234537344425917, 0.0062279957346618176, 0.00622395658865571], "val_loss": [0.06046197935938835, 0.051999859511852264, 0.047876909375190735, 0.0460432730615139, 0.04632747918367386, 0.04501591995358467, 0.04524122178554535, 0.0440586656332016, 0.043748341500759125, 0.04372626543045044, 0.04330803081393242, 0.04462701454758644, 0.04510720074176788, 0.0441833958029747, 0.044526346027851105, 0.04574083164334297], "val_classification_output_loss": [0.11379051953554153, 0.09766983985900879, 0.08946934342384338, 0.08580905199050903, 0.08638738095760345, 0.08374619483947754, 0.0842067301273346, 0.08182507008314133, 0.08120682090520859, 0.08117158710956573, 0.0803263783454895, 0.08293966948986053, 0.08392193168401718, 0.08206672966480255, 0.08275265991687775, 0.08518096804618835], "val_regression_output_loss": [0.007112393621355295, 0.006308453623205423, 0.006262156181037426, 0.006254826206713915, 0.0062449718825519085, 0.006262525916099548, 0.006252338644117117, 0.006268945522606373, 0.00626639137044549, 0.006257061380892992, 0.00626539159566164, 0.006290001329034567, 0.006267862860113382, 0.006275811232626438, 0.006275811232626438, 0.006275811232626438], "val_classification_output_accuracy": [0.9647200107574463, 0.9656266570091248, 0.9688266515731812, 0.9710666537284851, 0.969706654548645, 0.9705600142478943, 0.9721866846084595, 0.9725333452224731, 0.9715999960899353, 0.9728800058364868, 0.9728533625602722, 0.9713600277900696, 0.972000002861023, 0.9724000096321106, 0.9722399711608887, 0.9715733528137207], "val_classification_output_sensitivity_at_specificity": [0.38112765550613403, 0.42060062289237976, 0.5443004369735718, 0.589427649974823, 0.5352323055267334, 0.5978023409843445, 0.6235131025314331, 0.5879340767860413, 0.6341814398765564, 0.5694777965545654, 0.5752387046813965, 0.5348055958747864, 0.5193897485733032, 0.5825998783111572, 0.5576892495155334, 0.571824848651886], "val_regression_output_mean_squared_error": [0.007112393621355295, 0.006308453623205423, 0.006262156646698713, 0.006254826206713915, 0.0062449718825519085, 0.006262525916099548, 0.006252338644117117, 0.006268945522606373, 0.00626639137044549, 0.006257061380892992, 0.00626539159566164, 0.006290001329034567, 0.006267862860113382, 0.006275811232626438, 0.006275811232626438, 0.006275811232626438]}