stat,value
sig_in_test,20000
bkg_in_test,400000
accuracy,0.9768023809523809
precision,0.9877318116975748
efficiency,0.51935
auc,0.9949557564375001
f1score,0.6807573582582318
test loss,0.08450075912394396
threshold,0.9992366
regression_R^2,-0.0783533675211554
classification loss weight,0.5
regression loss weight,0.5
regression activation type,relu
