{"loss": [0.20013487339019775, 0.06001826375722885, 0.05238080769777298, 0.049863480031490326, 0.04830484092235565, 0.0471721775829792, 0.04703299328684807, 0.04550188407301903, 0.045375172048807144, 0.0445200651884079, 0.04436171427369118, 0.043478962033987045, 0.043132930994033813, 0.042394932359457016, 0.04210008308291435, 0.04187842831015587], "classification_output_loss": [0.23734676837921143, 0.09628798067569733, 0.08597303181886673, 0.08236341178417206, 0.08002255111932755, 0.07823578268289566, 0.07806174457073212, 0.07553074508905411, 0.07533436268568039, 0.07393084466457367, 0.07366916537284851, 0.07221700251102448, 0.07166637480258942, 0.07042259722948074, 0.06994879990816116, 0.06957148760557175], "regression_output_loss": [0.14429543912410736, 0.005590933840721846, 0.001967815449461341, 0.001087490818463266, 0.0007016408490017056, 0.0005494481301866472, 0.0004623423737939447, 0.0004299134307075292, 0.00040732225170359015, 0.0003747993614524603, 0.00037150978459976614, 0.0003424819733481854, 0.00030360606615431607, 0.000324741646181792, 0.0002986799518112093, 0.00031103502260521054], "classification_output_accuracy": [0.934844434261322, 0.9697333574295044, 0.9710755348205566, 0.9727555513381958, 0.9729066491127014, 0.9732622504234314, 0.9733866453170776, 0.9737066626548767, 0.9736266732215881, 0.9746933579444885, 0.9741511344909668, 0.9751999974250793, 0.9751733541488647, 0.9756799936294556, 0.9755733609199524, 0.9759111404418945], "classification_output_sensitivity_at_specificity": [0.21200527250766754, 0.3176964819431305, 0.3662087023258209, 0.4279968738555908, 0.47243380546569824, 0.5563603639602661, 0.5651693940162659, 0.573177695274353, 0.590831458568573, 0.6023455262184143, 0.6355175375938416, 0.6684759259223938, 0.6807374954223633, 0.7011140584945679, 0.7073248624801636, 0.6773384213447571], "regression_output_mean_squared_error": [0.14429543912410736, 0.005590933840721846, 0.001967815449461341, 0.001087490818463266, 0.0007016408490017056, 0.0005494481301866472, 0.0004623423737939447, 0.0004299134307075292, 0.00040732225170359015, 0.0003747993614524603, 0.00037150978459976614, 0.0003424819733481854, 0.00030360606615431607, 0.000324741646181792, 0.0002986799518112093, 0.00031103502260521054], "val_loss": [0.07155054807662964, 0.05316592752933502, 0.04960911348462105, 0.04806026443839073, 0.047450318932533264, 0.046581100672483444, 0.046023834496736526, 0.045595765113830566, 0.04738308861851692, 0.04521278291940689, 0.044770725071430206, 0.04543956369161606, 0.04564686864614487, 0.046592142432928085, 0.04576290398836136, 0.04534049704670906], "val_classification_output_loss": [0.10936444997787476, 0.08621616661548615, 0.08152593672275543, 0.07948977500200272, 0.07859984785318375, 0.07729361951351166, 0.07638753205537796, 0.07571966201066971, 0.0787389799952507, 0.07516000419855118, 0.07437127828598022, 0.07545457780361176, 0.0758613646030426, 0.07739105820655823, 0.07605370879173279, 0.07526998221874237], "val_regression_output_loss": [0.014807290397584438, 0.003566949162632227, 0.0017083326820284128, 0.0008895857608877122, 0.0006990263937041163, 0.00048492636415176094, 0.00045048497850075364, 0.00038095994386821985, 0.0003202465013600886, 0.00026277246070094407, 0.00034068699460476637, 0.00038780999602749944, 0.00029599989647977054, 0.00036537391133606434, 0.0002987927000503987, 0.0004184313293080777], "val_classification_output_accuracy": [0.969760000705719, 0.9714400172233582, 0.9726133346557617, 0.9735733270645142, 0.9743199944496155, 0.9741600155830383, 0.9744799733161926, 0.974453330039978, 0.9737066626548767, 0.9747200012207031, 0.9751999974250793, 0.9749600291252136, 0.9742933511734009, 0.9746666550636292, 0.9751200079917908, 0.9753599762916565], "val_classification_output_sensitivity_at_specificity": [0.1847086399793625, 0.1636005938053131, 0.3024776577949524, 0.272915780544281, 0.29753297567367554, 0.2666950225830078, 0.1892811506986618, 0.3070501983165741, 0.31608888506889343, 0.3011484444141388, 0.2199595868587494, 0.3755848705768585, 0.2893449664115906, 0.3697894513607025, 0.29040834307670593, 0.4098255932331085], "val_regression_output_mean_squared_error": [0.014807290397584438, 0.003566949162632227, 0.0017083326820284128, 0.0008895857608877122, 0.0006990263937041163, 0.00048492636415176094, 0.00045048497850075364, 0.00038095994386821985, 0.0003202465013600886, 0.00026277246070094407, 0.00034068699460476637, 0.00038780999602749944, 0.00029599989647977054, 0.00036537391133606434, 0.0002987927000503987, 0.0004184313293080777]}