{"loss": [0.10856689512729645, 0.06097849830985069, 0.057145413011312485, 0.055269572883844376, 0.053593408316373825, 0.05205855891108513, 0.05100194364786148, 0.05050261691212654, 0.04942251369357109, 0.04901769384741783, 0.04784116894006729, 0.0476122610270977], "classification_output_loss": [0.14655178785324097, 0.08441534638404846, 0.07898828387260437, 0.0763973668217659, 0.07473710924386978, 0.0739060565829277, 0.07254815846681595, 0.07185032963752747, 0.07032407820224762, 0.06976944953203201, 0.0680985301733017, 0.06776886433362961], "regression_output_loss": [0.019894815981388092, 0.006250609643757343, 0.006137274205684662, 0.005930683109909296, 0.004217623267322779, 0.0010405787033960223, 0.0006877746782265604, 0.000652461254503578, 0.0006140206824056804, 0.0005596334231086075, 0.0005371304578147829, 0.0005443842383101583], "classification_output_accuracy": [0.9583733081817627, 0.9724266529083252, 0.9737866520881653, 0.9748266935348511, 0.9750666618347168, 0.9752533435821533, 0.9759377837181091, 0.9760355353355408, 0.9762488603591919, 0.9766311049461365, 0.9770311117172241, 0.9771022200584412], "classification_output_sensitivity_at_specificity": [0.3252536654472351, 0.3422422707080841, 0.3468981683254242, 0.48545482754707336, 0.48166972398757935, 0.5192899107933044, 0.5800294876098633, 0.587581992149353, 0.6254331469535828, 0.6351358294487, 0.6288095712661743, 0.6925346255302429], "regression_output_mean_squared_error": [0.019894815981388092, 0.006250609643757343, 0.006137274205684662, 0.005930683109909296, 0.004217623267322779, 0.0010405787033960223, 0.0006877746782265604, 0.000652461254503578, 0.0006140206824056804, 0.0005596334231086075, 0.0005371304578147829, 0.0005443842383101583], "val_loss": [0.06360767781734467, 0.0582585483789444, 0.0568246953189373, 0.05638471990823746, 0.05536302551627159, 0.053842101246118546, 0.05365492030978203, 0.05380556732416153, 0.05413498356938362, 0.05489389970898628, 0.055106569081544876, 0.05486602336168289], "val_classification_output_loss": [0.08814402669668198, 0.08050833642482758, 0.0785338506102562, 0.07813270390033722, 0.0778220146894455, 0.07667237520217896, 0.07639130204916, 0.07665082812309265, 0.07710431516170502, 0.07819895446300507, 0.07844320684671402, 0.0782000944018364], "val_regression_output_loss": [0.006314566824585199, 0.006300513632595539, 0.006128780078142881, 0.005598442163318396, 0.0029182082507759333, 0.0005311124259606004, 0.0005635879351757467, 0.000461185205494985, 0.0005018141819164157, 0.0004789420636370778, 0.0006183016812428832, 0.00038391840644180775], "val_classification_output_accuracy": [0.9718133211135864, 0.9733333587646484, 0.9737600088119507, 0.9739466905593872, 0.974133312702179, 0.974399983882904, 0.9745333194732666, 0.9743466377258301, 0.9743466377258301, 0.9735466837882996, 0.9738399982452393, 0.9741066694259644], "val_classification_output_sensitivity_at_specificity": [0.27916911244392395, 0.27366903424263, 0.2523629069328308, 0.22352752089500427, 0.3010626435279846, 0.3024510145187378, 0.3423399329185486, 0.29876649379730225, 0.35291290283203125, 0.3143589496612549, 0.3376408517360687, 0.29935386776924133], "val_regression_output_mean_squared_error": [0.006314566824585199, 0.006300513632595539, 0.006128780078142881, 0.005598442163318396, 0.0029182082507759333, 0.0005311124259606004, 0.0005635879351757467, 0.000461185205494985, 0.0005018141819164157, 0.0004789420636370778, 0.0006183016812428832, 0.00038391840644180775]}