{"loss": [0.08306651562452316, 0.048466362059116364, 0.04462186619639397, 0.043310895562171936, 0.041847243905067444, 0.03972361609339714, 0.03817304968833923, 0.03740091994404793, 0.03669300302863121, 0.03644498437643051, 0.03569675609469414, 0.035519346594810486], "classification_output_loss": [0.13849343359470367, 0.09079243242740631, 0.08317961543798447, 0.08069081604480743, 0.07824774086475372, 0.07645198702812195, 0.0756293386220932, 0.07438090443611145, 0.07303870469331741, 0.07255906611680984, 0.0710785910487175, 0.07073228806257248], "regression_output_loss": [0.027623286470770836, 0.00612423662096262, 0.006045189220458269, 0.005910993553698063, 0.005426547955721617, 0.002975115552544594, 0.000696822302415967, 0.0004011177225038409, 0.0003280222008470446, 0.00031210522865876555, 0.0002964997256640345, 0.0002884856075979769], "classification_output_accuracy": [0.9524266719818115, 0.9695199728012085, 0.9721599817276001, 0.9728088974952698, 0.9736800193786621, 0.9742133617401123, 0.9745422005653381, 0.9749866724014282, 0.9750577807426453, 0.975422203540802, 0.9757511019706726, 0.9762310981750488], "classification_output_sensitivity_at_specificity": [0.1569625735282898, 0.18966162204742432, 0.23879028856754303, 0.34660637378692627, 0.33968210220336914, 0.39488065242767334, 0.43113973736763, 0.4206731915473938, 0.47414514422416687, 0.46412360668182373, 0.5485857725143433, 0.5013617277145386], "regression_output_mean_squared_error": [0.027623286470770836, 0.00612423662096262, 0.006045189220458269, 0.005910993553698063, 0.005426547955721617, 0.002975115552544594, 0.000696822302415967, 0.0004011177225038409, 0.0003280222008470446, 0.00031210522865876555, 0.0002964997256640345, 0.0002884856075979769], "val_loss": [0.05229867622256279, 0.046617623418569565, 0.044692717492580414, 0.042690686881542206, 0.04264406859874725, 0.04222696274518967, 0.03851301595568657, 0.038664527237415314, 0.03856801614165306, 0.045147404074668884, 0.038991693407297134, 0.038661208003759384], "val_classification_output_loss": [0.09830266237258911, 0.08699867874383926, 0.08324937522411346, 0.07946816086769104, 0.0797882229089737, 0.08293195813894272, 0.07661379128694534, 0.07701247185468674, 0.07685067504644394, 0.08995407819747925, 0.0775560513138771, 0.07683196663856506], "val_regression_output_loss": [0.006279459223151207, 0.006218962837010622, 0.006116424221545458, 0.005893031135201454, 0.005479905754327774, 0.0015018439153209329, 0.0003923377953469753, 0.0002970181230921298, 0.00026641180738806725, 0.0003220534708816558, 0.0004092434246558696, 0.0004726317711174488], "val_classification_output_accuracy": [0.9683733582496643, 0.9721599817276001, 0.9730133414268494, 0.9742133617401123, 0.9730933308601379, 0.9725866913795471, 0.9753333330154419, 0.9746666550636292, 0.9750400185585022, 0.9720266461372375, 0.9743466377258301, 0.9751733541488647], "val_classification_output_sensitivity_at_specificity": [0.28521332144737244, 0.36108601093292236, 0.3324477970600128, 0.34089580178260803, 0.359598308801651, 0.33999255299568176, 0.3433398902416229, 0.4431220591068268, 0.3543913662433624, 0.38605812191963196, 0.3903087079524994, 0.39955368638038635], "val_regression_output_mean_squared_error": [0.006279459223151207, 0.006218962837010622, 0.006116424221545458, 0.005893031135201454, 0.005479905754327774, 0.0015018439153209329, 0.0003923377953469753, 0.0002970181230921298, 0.00026641180738806725, 0.0003220534708816558, 0.0004092434246558696, 0.0004726317711174488]}