{"loss": [0.15490801632404327, 0.08332865685224533, 0.07986025512218475, 0.07772607356309891, 0.07636447250843048, 0.07528680562973022, 0.07332868874073029, 0.07341071963310242, 0.07227230072021484, 0.0710538923740387, 0.07117605209350586, 0.06939862668514252, 0.06851910799741745], "accuracy": [0.9510844349861145, 0.9722399711608887, 0.9727377891540527, 0.9735022187232971, 0.9738844633102417, 0.974382221698761, 0.9747911095619202, 0.9746222496032715, 0.9748799800872803, 0.9757422208786011, 0.9749777913093567, 0.9759644269943237, 0.9762578010559082], "sensitivity_at_specificity": [0.22310005128383636, 0.38376128673553467, 0.4737628698348999, 0.49721524119377136, 0.6011672616004944, 0.6244239211082458, 0.6492642164230347, 0.6647804975509644, 0.6921831369400024, 0.7032865285873413, 0.6753144860267639, 0.7131087779998779, 0.717752993106842], "val_loss": [0.08447004109621048, 0.07847809791564941, 0.07523297518491745, 0.07498204708099365, 0.07595209777355194, 0.07421418279409409, 0.07357688248157501, 0.07338178157806396, 0.07462058216333389, 0.07511618733406067, 0.07380183041095734, 0.07708974927663803, 0.07467867434024811], "val_accuracy": [0.9740800261497498, 0.9748533368110657, 0.9756799936294556, 0.9753866791725159, 0.975226640701294, 0.9761066436767578, 0.9765599966049194, 0.9762399792671204, 0.9761066436767578, 0.9752533435821533, 0.9761066436767578, 0.9753066897392273, 0.9759466648101807], "val_sensitivity_at_specificity": [0.285835862159729, 0.3718419373035431, 0.43566831946372986, 0.4092867374420166, 0.4122653007507324, 0.4801340401172638, 0.44502952694892883, 0.4628477096557617, 0.46502846479415894, 0.38104355335235596, 0.3782777488231659, 0.329610139131546, 0.35056644678115845]}