{"loss": [0.10668667405843735, 0.04945991188287735, 0.045989926904439926, 0.044273536652326584, 0.043139029294252396, 0.041745033115148544, 0.040730252861976624, 0.03799343854188919, 0.03713546320796013, 0.036327991634607315, 0.035889845341444016, 0.03530489653348923, 0.035023484379053116, 0.03408019617199898, 0.03421613201498985], "classification_output_loss": [0.18590572476387024, 0.09265881031751633, 0.08574842661619186, 0.08233385533094406, 0.08007340133190155, 0.0773407369852066, 0.07590518891811371, 0.0748509019613266, 0.0739016979932785, 0.07235509902238846, 0.07150081545114517, 0.07034225016832352, 0.06978350132703781, 0.06789727509021759, 0.06818712502717972], "regression_output_loss": [0.02744714356958866, 0.006239750888198614, 0.006209408864378929, 0.006190895102918148, 0.0061825658194720745, 0.0061271050944924355, 0.005532739218324423, 0.0011130842613056302, 0.0003458897990640253, 0.00027725278050638735, 0.00025498171453364193, 0.00024362302792724222, 0.00023947461158968508, 0.00023896557104308158, 0.00022088618425186723], "classification_output_accuracy": [0.9361777901649475, 0.9690666794776917, 0.9706844687461853, 0.9717777967453003, 0.9728000164031982, 0.9732000231742859, 0.9735022187232971, 0.9741511344909668, 0.974560022354126, 0.9752711057662964, 0.9753777980804443, 0.9757511019706726, 0.9760444164276123, 0.9764977693557739, 0.9765777587890625], "classification_output_sensitivity_at_specificity": [0.20575343072414398, 0.2973078489303589, 0.40543752908706665, 0.48902377486228943, 0.49803900718688965, 0.5866652727127075, 0.5336030721664429, 0.5847131013870239, 0.6339065432548523, 0.6508899927139282, 0.6561429500579834, 0.6839517951011658, 0.6700917482376099, 0.7067738771438599, 0.746987521648407], "regression_output_mean_squared_error": [0.02744714356958866, 0.006239750888198614, 0.006209408864378929, 0.006190895102918148, 0.0061825658194720745, 0.0061271050944924355, 0.005532739218324423, 0.0011130842613056302, 0.0003458897990640253, 0.00027725278050638735, 0.00025498171453364193, 0.00024362302792724222, 0.00023947461158968508, 0.00023896557104308158, 0.00022088618425186723], "val_loss": [0.05313074588775635, 0.047768767923116684, 0.0461440272629261, 0.04445309191942215, 0.044795043766498566, 0.04363738372921944, 0.04301742836833, 0.040973562747240067, 0.041134465485811234, 0.04066057130694389, 0.04342459887266159, 0.04091886058449745, 0.04134157672524452, 0.041622795164585114, 0.041969846934080124], "val_classification_output_loss": [0.10010399669408798, 0.0894123986363411, 0.0861608237028122, 0.08278084546327591, 0.08355747163295746, 0.08141230046749115, 0.08185688406229019, 0.0813475176692009, 0.08201132714748383, 0.08110639452934265, 0.0866464227437973, 0.08164998143911362, 0.08245429396629333, 0.08305499702692032, 0.08375950157642365], "val_regression_output_loss": [0.006136434618383646, 0.006103597581386566, 0.006104842759668827, 0.006103206891566515, 0.0060105714946985245, 0.00584030756726861, 0.004155299626290798, 0.0005763992667198181, 0.00023407023400068283, 0.00019091556896455586, 0.00017902741092257202, 0.00016381980094593018, 0.00020495435455814004, 0.0001663734292378649, 0.00015602279745507985], "val_classification_output_accuracy": [0.96861332654953, 0.9707733392715454, 0.972320020198822, 0.9725066423416138, 0.9724799990653992, 0.9732533097267151, 0.9729599952697754, 0.9732000231742859, 0.9725866913795471, 0.9732533097267151, 0.9721066951751709, 0.9728533625602722, 0.9732800126075745, 0.9729066491127014, 0.9728800058364868], "val_classification_output_sensitivity_at_specificity": [0.2588064968585968, 0.18058012425899506, 0.13720443844795227, 0.3267921209335327, 0.32105517387390137, 0.30877700448036194, 0.3540828824043274, 0.31236931681632996, 0.0, 0.3336550295352936, 0.3109752833843231, 0.0, 0.0, 0.0, 0.0], "val_regression_output_mean_squared_error": [0.006136434618383646, 0.006103597581386566, 0.006104842759668827, 0.006103206891566515, 0.0060105714946985245, 0.00584030756726861, 0.004155299626290798, 0.0005763992667198181, 0.00023407023400068283, 0.00019091556896455586, 0.00017902741092257202, 0.00016381980094593018, 0.00020495435455814004, 0.0001663734292378649, 0.00015602279745507985]}