{"loss": [0.07811284065246582, 0.042106132954359055, 0.039803676307201385, 0.038951676338911057, 0.03798244521021843, 0.037570711225271225, 0.036946073174476624, 0.036609962582588196, 0.036096733063459396, 0.03594324737787247, 0.03563401848077774, 0.03526947647333145, 0.03466876596212387, 0.034120310097932816, 0.03412766754627228, 0.03452319651842117, 0.03356548771262169], "classification_output_loss": [0.14705780148506165, 0.08322504162788391, 0.0792645588517189, 0.07767138630151749, 0.0757564827799797, 0.07495351880788803, 0.07370121777057648, 0.07304107397794724, 0.07201264798641205, 0.0717112198472023, 0.07107338309288025, 0.07034225761890411, 0.06914650648832321, 0.06805860251188278, 0.06807402521371841, 0.06885650753974915, 0.06690530478954315], "regression_output_loss": [0.009148597717285156, 0.0009672201704233885, 0.0003227884299121797, 0.0002118404518114403, 0.0001877431059256196, 0.00016743781452532858, 0.00017084892897401005, 0.00015927795902825892, 0.000161848496645689, 0.00015696740592829883, 0.00017658532306086272, 0.0001788357476470992, 0.000173372813151218, 0.00016462767962366343, 0.00016381419845856726, 0.0001725325419101864, 0.0002083564904751256], "classification_output_accuracy": [0.9602400064468384, 0.9724355340003967, 0.9733155369758606, 0.9737688899040222, 0.974435567855835, 0.9749333262443542, 0.9750755429267883, 0.9754310846328735, 0.9758222103118896, 0.9754489064216614, 0.975777804851532, 0.9760977625846863, 0.9763022065162659, 0.9768089056015015, 0.9768977761268616, 0.9761599898338318, 0.9773600101470947], "classification_output_sensitivity_at_specificity": [0.24223944544792175, 0.30466166138648987, 0.3832983672618866, 0.4433204233646393, 0.5355047583580017, 0.5688404440879822, 0.5925576686859131, 0.5848593711853027, 0.6144081354141235, 0.6626426577568054, 0.678786039352417, 0.6914269328117371, 0.7318920493125916, 0.7299897074699402, 0.7448885440826416, 0.7401237487792969, 0.7368168234825134], "regression_output_mean_squared_error": [0.009148597717285156, 0.0009672201704233885, 0.0003227884299121797, 0.0002118404518114403, 0.0001877431059256196, 0.00016743781452532858, 0.00017084892897401005, 0.00015927795902825892, 0.000161848496645689, 0.00015696740592829883, 0.00017658532306086272, 0.0001788357476470992, 0.000173372813151218, 0.00016462767962366343, 0.00016381419845856726, 0.0001725325419101864, 0.0002083564904751256], "val_loss": [0.043728455901145935, 0.03912639990448952, 0.03833291307091713, 0.0386941023170948, 0.03770844265818596, 0.03758293762803078, 0.03783566504716873, 0.03711399808526039, 0.03701651096343994, 0.036925122141838074, 0.03724992647767067, 0.036896463483572006, 0.037102535367012024, 0.03728965297341347, 0.03767334297299385, 0.037717290222644806, 0.0376909039914608], "val_classification_output_loss": [0.0857539176940918, 0.07775962352752686, 0.07640420645475388, 0.07721362262964249, 0.07525353133678436, 0.07499990612268448, 0.07548337429761887, 0.07411333173513412, 0.07388271391391754, 0.07373286783695221, 0.07436978816986084, 0.07364056259393692, 0.07404308021068573, 0.0744495615363121, 0.075168676674366, 0.07531637698411942, 0.07517389208078384], "val_regression_output_loss": [0.0016836327267810702, 0.0004731964727398008, 0.00024158877204172313, 0.00015414961671922356, 0.00014255238056648523, 0.0001455843448638916, 0.00016828029765747488, 9.545390639686957e-05, 0.000131751672597602, 9.90761982393451e-05, 0.00011197193089174107, 0.00013474954175762832, 0.000144540099427104, 0.00011219493899261579, 0.00016064052761066705, 0.00010100900544784963, 0.00019055535085499287], "val_classification_output_accuracy": [0.9736266732215881, 0.9748266935348511, 0.9748533368110657, 0.9748266935348511, 0.9756799936294556, 0.9751999974250793, 0.9750666618347168, 0.9757599830627441, 0.9753066897392273, 0.975546658039093, 0.9756266474723816, 0.975546658039093, 0.9762399792671204, 0.9754400253295898, 0.9753333330154419, 0.9742933511734009, 0.9746933579444885], "val_classification_output_sensitivity_at_specificity": [0.25013330578804016, 0.22629839181900024, 0.3463261127471924, 0.439159631729126, 0.364242285490036, 0.4827236831188202, 0.44166576862335205, 0.34755250811576843, 0.4324944019317627, 0.3511250913143158, 0.3147062063217163, 0.3555508255958557, 0.3586968183517456, 0.3404606878757477, 0.42289644479751587, 0.3574170768260956, 0.28239309787750244], "val_regression_output_mean_squared_error": [0.0016836327267810702, 0.0004731964727398008, 0.00024158877204172313, 0.00015414961671922356, 0.00014255238056648523, 0.0001455843448638916, 0.00016828029765747488, 9.545390639686957e-05, 0.000131751672597602, 9.90761982393451e-05, 0.00011197193089174107, 0.00013474954175762832, 0.000144540099427104, 0.00011219493899261579, 0.00016064052761066705, 0.00010100900544784963, 0.00019055535085499287]}