{"loss": [0.014479984529316425, 0.005211533512920141, 0.0012617682805284858, 0.00045324492384679615, 0.0003276765928603709, 0.000289120536763221, 0.0002501032722648233, 0.00023035677440930158, 0.00021109165390953422, 0.00019581429660320282, 0.00018346525030210614, 0.00017175811808556318, 0.0001635310472920537, 0.0001502374216215685, 0.00014669771189801395, 0.00013829486852046102, 0.00012751547910738736, 0.0001319387520197779, 0.00013517055776901543, 0.0001268925261683762, 0.00012453735689632595], "mean_squared_error": [0.014468671754002571, 0.005200370214879513, 0.001251041074283421, 0.00044286050251685083, 0.00031761915306560695, 0.00027939782012254, 0.00024072409723885357, 0.00022128882119432092, 0.00020213624520692974, 0.00018692738376557827, 0.00017479019879829139, 0.0001630706392461434, 0.0001544967817608267, 0.00014093385834712535, 0.00013733516971115023, 0.00012883811723440886, 0.0001181050029117614, 0.00012299542140681297, 0.00012670751311816275, 0.00011901260586455464, 0.00011744724906748161], "val_loss": [0.005955596920102835, 0.0057415529154241085, 0.000864367582835257, 0.00028853435651399195, 0.0002359830541536212, 0.00021045110770501196, 0.00023046426940709352, 0.00018128150259144604, 0.00016942298680078238, 0.00019488419638946652, 0.00013319704157765955, 0.00016446114750579, 0.0001234190713148564, 0.0001694500824669376, 0.00010043929069070145, 9.728857548907399e-05, 0.00014970829943194985, 0.00012014265666948631, 0.000108632943010889, 0.00021376213408075273, 0.00014014636690262705], "val_mean_squared_error": [0.00594427390024066, 0.005730609875172377, 0.0008538333931937814, 0.0002783027302939445, 0.00022609652660321444, 0.00020089579629711807, 0.00022125992109067738, 0.00017234240658581257, 0.00016039922775235027, 0.0001861207274487242, 0.00012452586088329554, 0.00015566607180517167, 0.00011417693895054981, 0.00016004459757823497, 9.109386883210391e-05, 8.779179188422859e-05, 0.00014045482384972274, 0.00011143476149300113, 0.00010043224028777331, 0.00020625704200938344, 0.00013342071906663477]}