{"loss": [0.20676298439502716, 0.07453880459070206, 0.06654161214828491, 0.06471086293458939, 0.0630684345960617, 0.06191733852028847, 0.061361152678728104, 0.0601656548678875, 0.05964602157473564, 0.05872472748160362, 0.05747491866350174, 0.057782627642154694, 0.05695099011063576, 0.05621723085641861, 0.05571311339735985, 0.055238544940948486, 0.05454578250646591, 0.054046519100666046], "classification_output_loss": [0.23616452515125275, 0.09150268137454987, 0.08156906813383102, 0.07930928468704224, 0.07724162191152573, 0.07582107931375504, 0.07512646168470383, 0.07363282889127731, 0.07298547029495239, 0.07183102518320084, 0.07027323544025421, 0.07065881788730621, 0.06962043792009354, 0.06870030611753464, 0.06807194650173187, 0.0674753487110138, 0.0666118934750557, 0.06598532944917679], "regression_output_loss": [0.0891030803322792, 0.00662713497877121, 0.0063745854422450066, 0.006260163616389036, 0.006319650448858738, 0.006248534191399813, 0.006248160265386105, 0.006247369106858969, 0.006241025868803263, 0.00625381525605917, 0.00623674038797617, 0.006234236992895603, 0.006230296101421118, 0.006242378614842892, 0.006234976463019848, 0.0062486473470926285, 0.006238859612494707, 0.006249053869396448], "classification_output_accuracy": [0.9471111297607422, 0.9714400172233582, 0.9727110862731934, 0.973466694355011, 0.9736266732215881, 0.9739999771118164, 0.9743199944496155, 0.9748533368110657, 0.9750221967697144, 0.9754044413566589, 0.9761333465576172, 0.9756088852882385, 0.9757688641548157, 0.9764622449874878, 0.9769066572189331, 0.9768977761268616, 0.9771733283996582, 0.9775466918945312], "classification_output_sensitivity_at_specificity": [0.2161085456609726, 0.23335883021354675, 0.2866746187210083, 0.3651544451713562, 0.4422827363014221, 0.46301862597465515, 0.5570059418678284, 0.5604026317596436, 0.5766036510467529, 0.602674663066864, 0.6368728876113892, 0.6265583038330078, 0.6458181142807007, 0.6587647199630737, 0.7060340642929077, 0.7014102339744568, 0.6875211000442505, 0.7340613007545471], "regression_output_mean_squared_error": [0.0891030803322792, 0.00662713497877121, 0.0063745854422450066, 0.006260163616389036, 0.006319650448858738, 0.006248534191399813, 0.006248160265386105, 0.006247369106858969, 0.006241025868803263, 0.00625381525605917, 0.00623674038797617, 0.006234236992895603, 0.006230296101421118, 0.006242378614842892, 0.006234976463019848, 0.0062486473470926285, 0.006238859612494707, 0.006249053869396448], "val_loss": [0.09500981122255325, 0.06482136249542236, 0.061855580657720566, 0.06130899861454964, 0.06040087714791298, 0.059790242463350296, 0.06158817559480667, 0.06007338687777519, 0.05957915261387825, 0.059372637420892715, 0.06305181980133057, 0.06058289110660553, 0.05931442230939865, 0.060858625918626785, 0.06072474643588066, 0.06263189017772675, 0.06083231046795845, 0.06263115257024765], "val_classification_output_loss": [0.11563166975975037, 0.07943053543567657, 0.07574012130498886, 0.07500826567411423, 0.07392577826976776, 0.07315881550312042, 0.07540810108184814, 0.07351399213075638, 0.07287054508924484, 0.07262664288282394, 0.07722111791372299, 0.0741569846868515, 0.07257214188575745, 0.07450360059738159, 0.07432346045970917, 0.07671833038330078, 0.0744696781039238, 0.07671412080526352], "val_regression_output_loss": [0.012467659078538418, 0.0063274456188082695, 0.006260478403419256, 0.006455216556787491, 0.006246267352253199, 0.006262885872274637, 0.006257687695324421, 0.0062625412829220295, 0.0063672419637441635, 0.006311260629445314, 0.0063306125812232494, 0.0062432847917079926, 0.006240901071578264, 0.006236138287931681, 0.006287238094955683, 0.0062437960878014565, 0.006240349728614092, 0.006256804335862398], "val_classification_output_accuracy": [0.9735733270645142, 0.9748266935348511, 0.9758133292198181, 0.9759733080863953, 0.9761599898338318, 0.9759466648101807, 0.9753599762916565, 0.9762933254241943, 0.9761066436767578, 0.976586639881134, 0.9743199944496155, 0.9755733609199524, 0.9768000245094299, 0.9755733609199524, 0.9757599830627441, 0.9747999906539917, 0.9758133292198181, 0.9757866859436035], "val_classification_output_sensitivity_at_specificity": [0.21215835213661194, 0.21897810697555542, 0.291597843170166, 0.3374180793762207, 0.35990196466445923, 0.46736639738082886, 0.47461238503456116, 0.5363098978996277, 0.48388299345970154, 0.45463263988494873, 0.47685012221336365, 0.4604933559894562, 0.4590015411376953, 0.4609728753566742, 0.47647717595100403, 0.5094571113586426, 0.4302839934825897, 0.3910703957080841], "val_regression_output_mean_squared_error": [0.012467659078538418, 0.0063274456188082695, 0.006260478403419256, 0.006455216556787491, 0.006246267352253199, 0.006262885872274637, 0.006257687695324421, 0.0062625412829220295, 0.0063672419637441635, 0.006311260629445314, 0.0063306125812232494, 0.0062432847917079926, 0.006240901071578264, 0.006236138287931681, 0.006287238094955683, 0.0062437960878014565, 0.006240349728614092, 0.006256804335862398]}