{"loss": [0.08759031444787979, 0.047238074243068695, 0.044241659343242645, 0.04160188511013985, 0.040873851627111435, 0.04015384614467621, 0.03944019973278046, 0.03842867910861969, 0.03790310025215149, 0.0373312383890152, 0.036778174340724945, 0.03602416813373566, 0.03569908067584038], "classification_output_loss": [0.1368565410375595, 0.08910229802131653, 0.08449399471282959, 0.08197518438100815, 0.08112550526857376, 0.07983911782503128, 0.07847673445940018, 0.07648816704750061, 0.07547002285718918, 0.07432693243026733, 0.07323434203863144, 0.07173100113868713, 0.07108111679553986], "regression_output_loss": [0.0382993184030056, 0.005348337348550558, 0.003961571492254734, 0.0011998218251392245, 0.0005923067219555378, 0.0004367869987618178, 0.00037131368299014866, 0.00033665841328911483, 0.0003035925910808146, 0.00030281321960501373, 0.000289579649688676, 0.0002849718148354441, 0.0002848553704097867], "classification_output_accuracy": [0.9551911354064941, 0.9704444408416748, 0.9718310832977295, 0.9725422263145447, 0.9728800058364868, 0.9730844497680664, 0.9738133549690247, 0.9742311239242554, 0.9744710922241211, 0.9748622179031372, 0.9756888747215271, 0.9758844375610352, 0.9766488671302795], "classification_output_sensitivity_at_specificity": [0.20719122886657715, 0.3203432559967041, 0.3749867081642151, 0.4276621341705322, 0.42377930879592896, 0.46438068151474, 0.4665614664554596, 0.49829792976379395, 0.5644835233688354, 0.49303215742111206, 0.5568951368331909, 0.6033296585083008, 0.6202439665794373], "regression_output_mean_squared_error": [0.0382993184030056, 0.005348337348550558, 0.003961571492254734, 0.0011998218251392245, 0.0005923067219555378, 0.0004367869987618178, 0.00037131368299014866, 0.00033665841328911483, 0.0003035925910808146, 0.00030281321960501373, 0.000289579649688676, 0.0002849718148354441, 0.0002848553704097867], "val_loss": [0.06791064143180847, 0.05203748866915703, 0.04910663887858391, 0.04023075848817825, 0.04027712345123291, 0.04218761622905731, 0.03944281116127968, 0.03943672031164169, 0.04133616387844086, 0.04761495441198349, 0.04003500938415527, 0.043725766241550446, 0.041098453104496], "val_classification_output_loss": [0.12993435561656952, 0.09912735223770142, 0.09555721282958984, 0.0796772763133049, 0.08011806756258011, 0.08393533527851105, 0.07847090810537338, 0.07859905809164047, 0.08242480456829071, 0.09498706459999084, 0.07983523607254028, 0.08720865100622177, 0.08194722980260849], "val_regression_output_loss": [0.005862055346369743, 0.004921154584735632, 0.002627575770020485, 0.0007549834554083645, 0.00040517590241506696, 0.0004076688492204994, 0.00038218105328269303, 0.0002419765223748982, 0.00021478785492945462, 0.0002102453145198524, 0.00020242197206243873, 0.00021062260202597827, 0.00021749435109086335], "val_classification_output_accuracy": [0.9619733095169067, 0.9678400158882141, 0.9716266393661499, 0.9731466770172119, 0.9732000231742859, 0.9723733067512512, 0.9734933376312256, 0.973360002040863, 0.9728533625602722, 0.9700800180435181, 0.9731733202934265, 0.9705066680908203, 0.9725866913795471], "val_classification_output_sensitivity_at_specificity": [0.37331971526145935, 0.29777395725250244, 0.35536080598831177, 0.3955264091491699, 0.4106355607509613, 0.4336487650871277, 0.44370362162590027, 0.44649961590766907, 0.3988063335418701, 0.4237014651298523, 0.44623076915740967, 0.3484245538711548, 0.3171308636665344], "val_regression_output_mean_squared_error": [0.005862055346369743, 0.004921154584735632, 0.002627575770020485, 0.0007549834554083645, 0.00040517590241506696, 0.0004076688492204994, 0.00038218105328269303, 0.0002419765223748982, 0.00021478785492945462, 0.0002102453145198524, 0.00020242197206243873, 0.00021062260202597827, 0.00021749435109086335]}