stat,value
sig_in_test,20000
bkg_in_test,400000
accuracy,0.9750404761904762
precision,0.9868030690537084
efficiency,0.4824
auc,0.9946965509374999
f1score,0.64801634374221
test loss,0.08962956474922938
threshold,0.99862206
regression_R^2,0.940212121153145
classification loss weight,0.5
regression loss weight,0.5
regression activation type,relu
