{"loss": [0.09573362022638321, 0.045486558228731155, 0.040769483894109726, 0.0389963798224926, 0.03862028941512108, 0.03744428977370262, 0.03710169717669487, 0.03667452186346054, 0.03597482666373253, 0.035168830305337906, 0.0351957269012928, 0.03443072363734245], "classification_output_loss": [0.1812296062707901, 0.087537482380867, 0.0806293860077858, 0.0772717222571373, 0.07659459859132767, 0.07431171834468842, 0.07367568463087082, 0.07282985746860504, 0.07149046659469604, 0.06989393383264542, 0.06995707750320435, 0.06848026812076569], "regression_output_loss": [0.010223138146102428, 0.0034213524777442217, 0.0008947202004492283, 0.0007062546792440116, 0.0006316397339105606, 0.0005627876380458474, 0.0005140333087183535, 0.0005053423810750246, 0.00044523910037241876, 0.0004297517007216811, 0.0004201989504508674, 0.00036732814623974264], "classification_output_accuracy": [0.9530666470527649, 0.97207111120224, 0.9731466770172119, 0.9740266799926758, 0.9737777709960938, 0.9746844172477722, 0.9752622246742249, 0.9757066369056702, 0.9759466648101807, 0.9764266610145569, 0.9762488603591919, 0.9769155383110046], "classification_output_sensitivity_at_specificity": [0.25875458121299744, 0.25766804814338684, 0.3578069806098938, 0.425724059343338, 0.4327419698238373, 0.48867157101631165, 0.5481101274490356, 0.5423746705055237, 0.5849809646606445, 0.6390759348869324, 0.6040041446685791, 0.6547860503196716], "regression_output_mean_squared_error": [0.010223138146102428, 0.0034213524777442217, 0.0008947202004492283, 0.0007062546792440116, 0.0006316397339105606, 0.0005627876380458474, 0.0005140333087183535, 0.0005053423810750246, 0.00044523910037241876, 0.0004297517007216811, 0.0004201989504508674, 0.00036732814623974264], "val_loss": [0.05353669449687004, 0.04305883124470711, 0.03921794518828392, 0.03955880552530289, 0.038444146513938904, 0.03874052315950394, 0.03779726102948189, 0.03850182518362999, 0.03818279132246971, 0.03785049542784691, 0.04194643348455429, 0.03795861825346947], "val_classification_output_loss": [0.1012144610285759, 0.08033040910959244, 0.07788831740617752, 0.07737934589385986, 0.07578402757644653, 0.07599984854459763, 0.07532166689634323, 0.07653669267892838, 0.07595393061637878, 0.07514388859272003, 0.08352403342723846, 0.07566376030445099], "val_regression_output_loss": [0.005845141597092152, 0.005772486329078674, 0.0005327604594640434, 0.0017236148705706, 0.0010901250643655658, 0.0014671434182673693, 0.0002590639633126557, 0.000453153217677027, 0.00039778920472599566, 0.0005432966281659901, 0.00035483299870975316, 0.00023960332327988], "val_classification_output_accuracy": [0.9720266461372375, 0.9735999703407288, 0.9740800261497498, 0.9738399982452393, 0.9743466377258301, 0.9742133617401123, 0.9740266799926758, 0.9747999906539917, 0.974453330039978, 0.9738133549690247, 0.9728266596794128, 0.9743733406066895], "val_classification_output_sensitivity_at_specificity": [0.2564428746700287, 0.3279775083065033, 0.44214656949043274, 0.41738253831863403, 0.518294632434845, 0.5661787986755371, 0.5959804654121399, 0.6074345111846924, 0.5301728844642639, 0.5364301800727844, 0.5578534603118896, 0.5764662027359009], "val_regression_output_mean_squared_error": [0.005845141597092152, 0.005772486329078674, 0.0005327604594640434, 0.0017236148705706, 0.0010901250643655658, 0.0014671434182673693, 0.0002590639633126557, 0.000453153217677027, 0.00039778920472599566, 0.0005432966281659901, 0.00035483299870975316, 0.00023960332327988]}