{"loss": [0.4535086154937744, 0.12626653909683228, 0.09665962308645248, 0.08862689882516861, 0.08461101353168488, 0.08282402902841568, 0.08104991912841797, 0.07933884859085083, 0.07776153087615967, 0.07620378583669662, 0.07564042508602142, 0.07421161979436874, 0.07302410900592804, 0.07220134884119034, 0.07150255888700485, 0.0699542686343193, 0.06837587058544159, 0.06873524188995361], "classification_output_loss": [0.25274085998535156, 0.10595937818288803, 0.09088832139968872, 0.08603575825691223, 0.08309084922075272, 0.08174877613782883, 0.0802033394575119, 0.07861434668302536, 0.07710280269384384, 0.07559461891651154, 0.07504456490278244, 0.07364723086357117, 0.07246320694684982, 0.07165827602148056, 0.07097373902797699, 0.06942220777273178, 0.06786300987005234, 0.068203404545784], "regression_output_loss": [0.2007579505443573, 0.020297816023230553, 0.005761787761002779, 0.0025805907789617777, 0.0015087559586390853, 0.0010634069330990314, 0.0008347106049768627, 0.0007126134587451816, 0.0006470087100751698, 0.0005974799860268831, 0.0005840607336722314, 0.0005524833686649799, 0.000548912154044956, 0.0005308754043653607, 0.0005164570175111294, 0.0005195335834287107, 0.0005003052647225559, 0.0005192653043195605], "classification_output_accuracy": [0.9042577743530273, 0.9674133062362671, 0.9703466892242432, 0.9717422127723694, 0.972142219543457, 0.9725599884986877, 0.9729599952697754, 0.9738311171531677, 0.9738755822181702, 0.9743377566337585, 0.9744622111320496, 0.974755585193634, 0.9753689169883728, 0.9755733609199524, 0.9759021997451782, 0.9764266610145569, 0.9767377972602844, 0.9767555594444275], "classification_output_sensitivity_at_specificity": [0.20328457653522491, 0.259706050157547, 0.2766805589199066, 0.32682111859321594, 0.3461620509624481, 0.38146328926086426, 0.37712180614471436, 0.38719263672828674, 0.45731469988822937, 0.4451620876789093, 0.43845415115356445, 0.46959182620048523, 0.47469839453697205, 0.47387993335723877, 0.4912814497947693, 0.4968862235546112, 0.48206469416618347, 0.5536457896232605], "regression_output_mean_squared_error": [0.2007579505443573, 0.020297816023230553, 0.005761787761002779, 0.0025805907789617777, 0.0015087559586390853, 0.0010634069330990314, 0.0008347106049768627, 0.0007126134587451816, 0.0006470087100751698, 0.0005974799860268831, 0.0005840607336722314, 0.0005524833686649799, 0.000548912154044956, 0.0005308754043653607, 0.0005164570175111294, 0.0005195335834287107, 0.0005003052647225559, 0.0005192653043195605], "val_loss": [0.16234655678272247, 0.10420618206262589, 0.0907488688826561, 0.08650383353233337, 0.08411581069231033, 0.0824199840426445, 0.08139234036207199, 0.081074059009552, 0.0806877464056015, 0.0826665386557579, 0.08003280311822891, 0.08001334220170975, 0.07941122353076935, 0.07992176711559296, 0.08469045907258987, 0.08334557712078094, 0.08226890861988068, 0.08030345290899277], "val_classification_output_loss": [0.11765702068805695, 0.0947825238108635, 0.08710631728172302, 0.08429194986820221, 0.08269818872213364, 0.08136344701051712, 0.0806163027882576, 0.08040816336870193, 0.0797615572810173, 0.08209463208913803, 0.07947850972414017, 0.07932932674884796, 0.07881134748458862, 0.07914024591445923, 0.08391550183296204, 0.08279618620872498, 0.08174404501914978, 0.07975129783153534], "val_regression_output_loss": [0.04467986151576042, 0.009414463303983212, 0.0036325871478766203, 0.0022007653024047613, 0.0014060551766306162, 0.0010446672094985843, 0.0007640623371116817, 0.00065420480677858, 0.0009145014337264001, 0.0005601923330686986, 0.0005424859700724483, 0.0006720918463543057, 0.0005877767107449472, 0.0007691404898650944, 0.0007624004501849413, 0.0005367870326153934, 0.0005122291040606797, 0.0005394650506787002], "val_classification_output_accuracy": [0.9643466472625732, 0.9690399765968323, 0.9704800248146057, 0.9713333249092102, 0.971893310546875, 0.9718133211135864, 0.972266674041748, 0.9721333384513855, 0.9725599884986877, 0.9709333181381226, 0.9732266664505005, 0.9725066423416138, 0.9729333519935608, 0.9733866453170776, 0.9717599749565125, 0.9713066816329956, 0.9728533625602722, 0.9730933308601379], "val_classification_output_sensitivity_at_specificity": [0.32237473130226135, 0.32769444584846497, 0.32710927724838257, 0.33003512024879456, 0.3669007420539856, 0.3653048276901245, 0.38020002841949463, 0.4387168884277344, 0.38317906856536865, 0.46872007846832275, 0.3593999445438385, 0.33221620321273804, 0.4389296770095825, 0.31311842799186707, 0.4415895342826843, 0.35886797308921814, 0.30205342173576355, 0.4040323495864868], "val_regression_output_mean_squared_error": [0.04467986151576042, 0.009414463303983212, 0.0036325871478766203, 0.0022007653024047613, 0.0014060551766306162, 0.0010446672094985843, 0.0007640623371116817, 0.00065420480677858, 0.0009145014337264001, 0.0005601923330686986, 0.0005424859700724483, 0.0006720918463543057, 0.0005877767107449472, 0.0007691404898650944, 0.0007624004501849413, 0.0005367870326153934, 0.0005122291040606797, 0.0005394650506787002]}