{"loss": [0.16975954174995422, 0.08744475990533829, 0.07857128977775574, 0.07534752041101456, 0.07390398532152176, 0.07241534441709518, 0.07087850570678711, 0.06926210224628448, 0.06846624612808228, 0.06728193163871765, 0.06563470512628555], "classification_output_loss": [0.17863167822360992, 0.09641383588314056, 0.08661910891532898, 0.08303561806678772, 0.08142872899770737, 0.07976683229207993, 0.07806038111448288, 0.07626697421073914, 0.07537899911403656, 0.07406724244356155, 0.07223619520664215], "regression_output_loss": [0.08975940197706223, 0.00657776091247797, 0.006001205649226904, 0.00602496974170208, 0.006059879437088966, 0.006139623932540417, 0.006131655070930719, 0.006112388335168362, 0.006147616542875767, 0.006112644448876381, 0.006122465245425701], "classification_output_accuracy": [0.9501244425773621, 0.9685333371162415, 0.9709421992301941, 0.9716088771820068, 0.9725244641304016, 0.9730133414268494, 0.9738044738769531, 0.9741688966751099, 0.974453330039978, 0.9749689102172852, 0.9755822420120239], "classification_output_sensitivity_at_specificity": [0.22433169186115265, 0.3015369772911072, 0.3420719802379608, 0.41505637764930725, 0.43690893054008484, 0.4653867483139038, 0.49210137128829956, 0.569039523601532, 0.5049244165420532, 0.5855135321617126, 0.5999038219451904], "regression_output_mean_squared_error": [0.08975940197706223, 0.00657776091247797, 0.006001205649226904, 0.00602496974170208, 0.006059879437088966, 0.006139623932540417, 0.006131655070930719, 0.006112388335168362, 0.006147616542875767, 0.006112644448876381, 0.006122465245425701], "val_loss": [0.09460921585559845, 0.07847996801137924, 0.0736086517572403, 0.07391215860843658, 0.0730622410774231, 0.0722881630063057, 0.07464862614870071, 0.07283791899681091, 0.07413146644830704, 0.07704966515302658, 0.07305725663900375], "val_classification_output_loss": [0.10339456051588058, 0.086427241563797, 0.08106054365634918, 0.0814133882522583, 0.08044552057981491, 0.07957618683576584, 0.08212859183549881, 0.08022503554821014, 0.08161579072475433, 0.08487679809331894, 0.08045335114002228], "val_regression_output_loss": [0.015389756299555302, 0.006813205312937498, 0.006406448781490326, 0.0062765865586698055, 0.006495736539363861, 0.006584162823855877, 0.007220972329378128, 0.006247953046113253, 0.006670485250651836, 0.006504856515675783, 0.006394762545824051], "val_classification_output_accuracy": [0.9666133522987366, 0.9707466959953308, 0.9725599884986877, 0.97298663854599, 0.9726933240890503, 0.9727466702461243, 0.9727733135223389, 0.9730133414268494, 0.9725599884986877, 0.9717066884040833, 0.9730133414268494], "val_classification_output_sensitivity_at_specificity": [0.3937191665172577, 0.4165296256542206, 0.44475093483924866, 0.4616200625896454, 0.45021483302116394, 0.4438491463661194, 0.4213038980960846, 0.4469258785247803, 0.3807755410671234, 0.4511166512966156, 0.4515940845012665], "val_regression_output_mean_squared_error": [0.015389756299555302, 0.006813205312937498, 0.006406448781490326, 0.0062765865586698055, 0.006495736539363861, 0.006584162823855877, 0.007220972329378128, 0.006247953046113253, 0.006670485250651836, 0.006504856515675783, 0.006394762545824051]}