{"loss": [0.10868111252784729, 0.05139675363898277, 0.04842427372932434, 0.046514127403497696, 0.04617442563176155, 0.04574394226074219, 0.044935956597328186, 0.04427560046315193, 0.0431714728474617, 0.043312203139066696, 0.04281389340758324], "classification_output_loss": [0.1663464605808258, 0.08262719959020615, 0.07960742712020874, 0.07695058733224869, 0.07648668438196182, 0.07579348981380463, 0.07448308169841766, 0.07342352718114853, 0.07158893346786499, 0.07185688614845276, 0.07106059789657593], "regression_output_loss": [0.022160574793815613, 0.004527512937784195, 0.001625350909307599, 0.0008347766124643385, 0.000681667763274163, 0.0006455077673308551, 0.000592173368204385, 0.0005309726693667471, 0.0005230467650108039, 0.00047359755262732506, 0.000422450655605644], "classification_output_accuracy": [0.9484089016914368, 0.9725688695907593, 0.973182201385498, 0.9740977883338928, 0.9741688966751099, 0.9741955399513245, 0.9747822284698486, 0.9750400185585022, 0.9755377769470215, 0.975475549697876, 0.9754489064216614], "classification_output_sensitivity_at_specificity": [0.29686638712882996, 0.35253551602363586, 0.373189240694046, 0.440927118062973, 0.48042160272598267, 0.5275412797927856, 0.521782398223877, 0.5332468152046204, 0.5430582761764526, 0.6107072234153748, 0.6316809058189392], "regression_output_mean_squared_error": [0.022160574793815613, 0.004527512937784195, 0.001625350909307599, 0.0008347766124643385, 0.000681667763274163, 0.0006455077673308551, 0.000592173368204385, 0.0005309726693667471, 0.0005230467650108039, 0.00047359755262732506, 0.000422450655605644], "val_loss": [0.059588175266981125, 0.05173569172620773, 0.049385130405426025, 0.05150024592876434, 0.04891543462872505, 0.048601213842630386, 0.04955238848924637, 0.04875430837273598, 0.04909462481737137, 0.04871588572859764, 0.04981577396392822], "val_classification_output_loss": [0.09553157538175583, 0.08440552651882172, 0.08177217096090317, 0.0854603499174118, 0.08122370392084122, 0.08051358163356781, 0.08236271888017654, 0.08094605058431625, 0.0815810114145279, 0.08095948398113251, 0.08240625262260437], "val_regression_output_loss": [0.00564991869032383, 0.002706928411498666, 0.0007800275343470275, 0.0005355077446438372, 0.00042856947402469814, 0.0007089548744261265, 0.00031386647606268525, 0.00044435556628741324, 0.0003429237112868577, 0.0003287846629973501, 0.0009087170474231243], "val_classification_output_accuracy": [0.9711466431617737, 0.9723466634750366, 0.9729333519935608, 0.9720533490180969, 0.9729333519935608, 0.973413348197937, 0.9726133346557617, 0.9732533097267151, 0.9724799990653992, 0.9734399914741516, 0.9727466702461243], "val_classification_output_sensitivity_at_specificity": [0.31196969747543335, 0.2134585678577423, 0.19350019097328186, 0.3301136791706085, 0.4009285569190979, 0.35978439450263977, 0.0, 0.2645818889141083, 0.31373071670532227, 0.20049095153808594, 0.0], "val_regression_output_mean_squared_error": [0.00564991869032383, 0.002706928411498666, 0.0007800275343470275, 0.0005355077446438372, 0.00042856947402469814, 0.0007089548744261265, 0.00031386647606268525, 0.00044435556628741324, 0.0003429237112868577, 0.0003287846629973501, 0.0009087170474231243]}