{"loss": [0.08323123306035995, 0.046150390058755875, 0.041702792048454285, 0.04045114666223526, 0.03967545926570892, 0.03911229223012924, 0.03851563483476639, 0.03806707635521889, 0.03750159591436386, 0.03701803460717201, 0.03649154677987099, 0.03610629215836525, 0.03560725599527359, 0.03507845103740692, 0.03547922149300575], "classification_output_loss": [0.15777592360973358, 0.09119328111410141, 0.0831260159611702, 0.08065314590930939, 0.07910028100013733, 0.0779840424656868, 0.07678209245204926, 0.07586805522441864, 0.07475320249795914, 0.07376682013273239, 0.07270216941833496, 0.0719364583492279, 0.07093029469251633, 0.06988184154033661, 0.07067076116800308], "regression_output_loss": [0.008673164993524551, 0.0010903461370617151, 0.0002597412676550448, 0.0002277182647958398, 0.0002281016350025311, 0.00021690227731596678, 0.0002250287652714178, 0.0002414330083411187, 0.0002251903060823679, 0.0002442612894810736, 0.0002556667022872716, 0.00025064664077945054, 0.0002584517642389983, 0.00024918271810747683, 0.000261589273577556], "classification_output_accuracy": [0.9465155601501465, 0.9692177772521973, 0.9720799922943115, 0.9729244709014893, 0.9730133414268494, 0.9736266732215881, 0.9742488861083984, 0.9745333194732666, 0.9745955467224121, 0.9747288823127747, 0.9752799868583679, 0.9756799936294556, 0.9762844443321228, 0.9761511087417603, 0.9757333397865295], "classification_output_sensitivity_at_specificity": [0.21262599527835846, 0.26946255564689636, 0.30864548683166504, 0.30327650904655457, 0.38788244128227234, 0.5040267109870911, 0.4888797998428345, 0.5704101324081421, 0.4884175658226013, 0.5769524574279785, 0.6168643236160278, 0.6379846930503845, 0.6370779871940613, 0.655407190322876, 0.6385891437530518], "regression_output_mean_squared_error": [0.008673164993524551, 0.0010903461370617151, 0.0002597412676550448, 0.0002277182647958398, 0.0002281016350025311, 0.00021690227731596678, 0.0002250287652714178, 0.0002414330083411187, 0.0002251903060823679, 0.0002442612894810736, 0.0002556667022872716, 0.00025064664077945054, 0.0002584517642389983, 0.00024918271810747683, 0.000261589273577556], "val_loss": [0.06620094180107117, 0.047850336879491806, 0.04315527528524399, 0.03957974165678024, 0.03869829326868057, 0.03837580978870392, 0.0390092171728611, 0.03939131274819374, 0.03751137852668762, 0.037281233817338943, 0.03839215636253357, 0.04002615064382553, 0.037570174783468246, 0.03958819806575775, 0.038168493658304214], "val_classification_output_loss": [0.12999007105827332, 0.09492585062980652, 0.08611045032739639, 0.07897932827472687, 0.07716010510921478, 0.07656380534172058, 0.07783600687980652, 0.0785721093416214, 0.07484100013971329, 0.07436096668243408, 0.07657051086425781, 0.07981010526418686, 0.07493361830711365, 0.07892464101314545, 0.07608713209629059], "val_regression_output_loss": [0.002396840136498213, 0.0007558874785900116, 0.0001793939300114289, 0.00015817595703992993, 0.00021341578394640237, 0.00016382223111577332, 0.0001579443778609857, 0.00018585784710012376, 0.00015713086759205908, 0.0001763491309247911, 0.00018834609363693744, 0.00021652666328009218, 0.00018108848598785698, 0.00022576919582206756, 0.00022361498849932104], "val_classification_output_accuracy": [0.9585066437721252, 0.9674400091171265, 0.9701333045959473, 0.9737066626548767, 0.9740800261497498, 0.9744266867637634, 0.9745333194732666, 0.9733066558837891, 0.9746133089065552, 0.9750933051109314, 0.9746666550636292, 0.9739999771118164, 0.9747733473777771, 0.973360002040863, 0.9742666482925415], "val_classification_output_sensitivity_at_specificity": [0.22196149826049805, 0.3196096122264862, 0.3509146273136139, 0.3580075800418854, 0.36339396238327026, 0.4134712815284729, 0.33752867579460144, 0.35758092999458313, 0.4095248281955719, 0.4239773750305176, 0.3387552797794342, 0.37336674332618713, 0.401845246553421, 0.30430376529693604, 0.3832862377166748], "val_regression_output_mean_squared_error": [0.002396840136498213, 0.0007558874785900116, 0.00017939394456334412, 0.00015817595703992993, 0.00021341578394640237, 0.00016382223111577332, 0.0001579443778609857, 0.00018585784710012376, 0.00015713086759205908, 0.0001763491309247911, 0.00018834609363693744, 0.00021652666328009218, 0.00018108848598785698, 0.00022576919582206756, 0.00022361498849932104]}