{"loss": [0.011414388194680214, 0.004568640608340502, 0.0007925379904918373, 0.0004811497055925429, 0.00038083471008576453, 0.00033432309282943606, 0.00029619067208841443, 0.00025361721054650843, 0.00022831700334791094, 0.0002134982933057472, 0.00019972873269580305, 0.0001998867664951831, 0.00017693752306513488, 0.00017167514306493104, 0.0001747807691572234, 0.0001593325287103653, 0.00015507191710639745, 0.00016017149027902633, 0.0001471201394451782, 0.0001484318490838632, 0.0001403686765115708, 0.0001359736343147233, 0.00013505991955753416, 0.00012639175110962242, 0.00013034003495704383, 0.00012900098226964474, 0.0001253410882782191, 0.00012047818745486438, 0.00011945008736802265, 0.00011761021596612409, 0.00010870966070797294, 0.00011386835831217468, 0.00010057172039523721, 9.963907359633595e-05, 9.747266449267045e-05, 8.961513958638534e-05, 8.554275700589642e-05, 8.574686944484711e-05, 8.920527034206316e-05, 8.500098192598671e-05], "mean_squared_error": [0.011402381584048271, 0.004556830041110516, 0.000781382666900754, 0.0004707827465608716, 0.0003712600446306169, 0.00032559415558353066, 0.0002882930275518447, 0.0002464093267917633, 0.0002216034772573039, 0.00020720259635709226, 0.00019370920199435204, 0.00019415130373090506, 0.00017138250404968858, 0.00016609289741609246, 0.00016923465591389686, 0.00015398309915326536, 0.0001499522040830925, 0.00015523048932664096, 0.0001423384965164587, 0.00014380372886080295, 0.00013589431182481349, 0.00013177210348658264, 0.00013111010775901377, 0.00012269106809981167, 0.00012688648712355644, 0.00012578607129398733, 0.00012232043081894517, 0.00011765547969844192, 0.00011678937880787998, 0.00011509910837048665, 0.00010623003618093207, 0.0001114032493205741, 9.817308455239981e-05, 9.730379679240286e-05, 9.524013148620725e-05, 8.749039261601865e-05, 8.3520331827458e-05, 8.382170926779509e-05, 8.73687386047095e-05, 8.323695510625839e-05], "val_loss": [0.005645344033837318, 0.0019691146444529295, 0.0007001652847975492, 0.0003698060754686594, 0.00037536086165346205, 0.0002715901646297425, 0.00025111300055868924, 0.0002386395790381357, 0.00018394284415990114, 0.00021661217033397406, 0.0001681664289208129, 0.00014533074863720685, 0.0002145155012840405, 0.00013159797526896, 0.0002595831174403429, 0.0001227444299729541, 0.00011531354539329186, 0.00011795651516877115, 0.00020187892368994653, 0.00011365575483068824, 0.00012311212776694447, 0.0001286164770135656, 0.0001643712166696787, 0.00011127768084406853, 0.00010866962111322209, 0.00010482768266228959, 0.00010075791942654178, 0.00015280701336450875, 0.00010000231122830883, 9.109594248002395e-05, 9.933239925885573e-05, 7.760828157188371e-05, 0.00016870339459273964, 0.00011284749052720144, 9.041613520821556e-05, 7.375697896350175e-05, 7.227496098494157e-05, 7.296753756236285e-05, 0.00011390220606699586, 6.487795326393098e-05], "val_mean_squared_error": [0.005633326712995768, 0.0019575583282858133, 0.0006894076359458268, 0.00035983521956950426, 0.00036619530874304473, 0.0002633031108416617, 0.00024357737856917083, 0.00023170503845904022, 0.00017747367382980883, 0.00021046730398666114, 0.00016231322661042213, 0.0001397271262248978, 0.00020897718786727637, 0.00012602498463820666, 0.00025409398949705064, 0.00011755371087929234, 0.00011027736763935536, 0.00011309063120279461, 0.00019717187387868762, 0.00010912294965237379, 0.00011875053314724937, 0.00012454834359232336, 0.00016052735736593604, 0.00010769589425763115, 0.00010536055924603716, 0.00010168987500946969, 9.783632413018495e-05, 0.0001500649523222819, 9.743520786287263e-05, 8.860583329806104e-05, 9.688683348940685e-05, 7.518360507674515e-05, 0.00016631628386676311, 0.00011056875518988818, 8.822630479699001e-05, 7.170144090196118e-05, 7.028556865407154e-05, 7.109664147719741e-05, 0.00011211952369194478, 6.313418271020055e-05]}