{"loss": [0.11519472301006317, 0.06168557330965996, 0.05808530002832413, 0.05566766485571861, 0.05336223170161247, 0.05302891880273819, 0.05169244483113289, 0.05148554593324661, 0.050324056297540665, 0.04926929995417595, 0.04896818846464157, 0.04846369847655296], "classification_output_loss": [0.15320748090744019, 0.08559633046388626, 0.08048993349075317, 0.0783049687743187, 0.07575436681509018, 0.07536618411540985, 0.07348122447729111, 0.07320673018693924, 0.07158525288105011, 0.07006600499153137, 0.06965082883834839, 0.06895580887794495], "regression_output_loss": [0.026469752192497253, 0.005864634644240141, 0.005778517108410597, 0.0028174929320812225, 0.0010834577260538936, 0.0008778518531471491, 0.0008213039836846292, 0.000772650062572211, 0.0006848282064311206, 0.0007139437948353589, 0.0006791959167458117, 0.0006193292792886496], "classification_output_accuracy": [0.960568904876709, 0.9720888733863831, 0.9726310968399048, 0.9735199809074402, 0.9743466377258301, 0.9748355746269226, 0.9752799868583679, 0.9754400253295898, 0.975671112537384, 0.9762755632400513, 0.9764711260795593, 0.9766844511032104], "classification_output_sensitivity_at_specificity": [0.21928468346595764, 0.3535881042480469, 0.39994314312934875, 0.5166035890579224, 0.5044685006141663, 0.6091359853744507, 0.6109305024147034, 0.6250377297401428, 0.6705043911933899, 0.6885382533073425, 0.723237931728363, 0.7211946845054626], "regression_output_mean_squared_error": [0.026469752192497253, 0.005864634644240141, 0.005778517108410597, 0.0028174929320812225, 0.0010834577260538936, 0.0008778518531471491, 0.0008213039836846292, 0.000772650062572211, 0.0006848282064311206, 0.0007139437948353589, 0.0006791959167458117, 0.0006193292792886496], "val_loss": [0.0623551644384861, 0.05474013090133667, 0.05318330228328705, 0.050658393651247025, 0.05091172084212303, 0.05113957077264786, 0.05032539740204811, 0.050951018929481506, 0.05071661248803139, 0.051204659044742584, 0.05165863782167435, 0.05127420648932457], "val_classification_output_loss": [0.08663980662822723, 0.07559757679700851, 0.07365626096725464, 0.072027288377285, 0.07250504195690155, 0.07283365726470947, 0.07171327620744705, 0.07263771444559097, 0.072290800511837, 0.07301528006792068, 0.07356930524110794, 0.07313079386949539], "val_regression_output_loss": [0.005662041716277599, 0.006043550558388233, 0.005383409559726715, 0.0007677717949263752, 0.0004962398670613766, 0.0004891686257906258, 0.0003900820738635957, 0.00031864180346019566, 0.00034720380790531635, 0.0002834252663888037, 0.0005040860269218683, 0.00024633141583763063], "val_classification_output_accuracy": [0.9723733067512512, 0.9751200079917908, 0.9753333330154419, 0.9759466648101807, 0.9756266474723816, 0.9750933051109314, 0.9762933254241943, 0.9757333397865295, 0.9760000109672546, 0.9758399724960327, 0.9750933051109314, 0.9759466648101807], "val_classification_output_sensitivity_at_specificity": [0.3451942205429077, 0.24993321299552917, 0.28749266266822815, 0.34941497445106506, 0.4468664824962616, 0.3938131034374237, 0.34156113862991333, 0.34770530462265015, 0.27995938062667847, 0.22156327962875366, 0.3679008483886719, 0.3768766224384308], "val_regression_output_mean_squared_error": [0.005662041716277599, 0.006043550558388233, 0.005383409559726715, 0.0007677717949263752, 0.0004962398670613766, 0.0004891686257906258, 0.0003900820738635957, 0.00031864180346019566, 0.00034720380790531635, 0.0002834252663888037, 0.0005040860269218683, 0.00024633141583763063]}