{"loss": [0.08451127260923386, 0.045901089906692505, 0.04361797124147415, 0.0425310954451561, 0.04141362011432648, 0.03849448263645172, 0.03763876482844353, 0.03692565858364105, 0.03674870729446411, 0.036136772483587265, 0.03527824953198433, 0.03511520102620125, 0.034607335925102234, 0.03479410335421562, 0.03394367918372154, 0.03406214714050293, 0.03373212367296219], "classification_output_loss": [0.13273775577545166, 0.08559157699346542, 0.08110101521015167, 0.07898300141096115, 0.07740862667560577, 0.07545100897550583, 0.07474682480096817, 0.07346556335687637, 0.0731559693813324, 0.07196080684661865, 0.07025948166847229, 0.06995803117752075, 0.06897199898958206, 0.06931274384260178, 0.06760791689157486, 0.0678008571267128, 0.06719040125608444], "regression_output_loss": [0.03626357018947601, 0.006187903694808483, 0.006111914291977882, 0.006056739948689938, 0.005396641790866852, 0.001516613643616438, 0.0005098715191707015, 0.0003650323487818241, 0.0003208595735486597, 0.0002925125590991229, 0.00027705851243808866, 0.00025260625989176333, 0.00022312330838758498, 0.0002559149288572371, 0.0002599955478217453, 0.00030426631565205753, 0.0002545790048316121], "classification_output_accuracy": [0.9627644419670105, 0.9712888598442078, 0.9730755686759949, 0.9729244709014893, 0.9732444286346436, 0.9744889140129089, 0.9744799733161926, 0.974560022354126, 0.9749422073364258, 0.9752533435821533, 0.975795567035675, 0.9760888814926147, 0.9762310981750488, 0.9762666821479797, 0.9768266677856445, 0.9764977693557739, 0.977066695690155], "classification_output_sensitivity_at_specificity": [0.2761925160884857, 0.3039970099925995, 0.3444836437702179, 0.4381568133831024, 0.4807274341583252, 0.5688254833221436, 0.5556624531745911, 0.5829325914382935, 0.6085283756256104, 0.6735420823097229, 0.661323070526123, 0.684834897518158, 0.7215988039970398, 0.7388229966163635, 0.6989775896072388, 0.7458409070968628, 0.7416016459465027], "regression_output_mean_squared_error": [0.03626357018947601, 0.006187903694808483, 0.006111914291977882, 0.006056739948689938, 0.005396641790866852, 0.001516613643616438, 0.0005098715191707015, 0.0003650323487818241, 0.0003208595735486597, 0.0002925125590991229, 0.00027705851243808866, 0.00025260625989176333, 0.00022312330838758498, 0.0002559149288572371, 0.0002599955478217453, 0.00030426631565205753, 0.0002545790048316121], "val_loss": [0.04459140822291374, 0.042135853320360184, 0.04086368903517723, 0.04046308994293213, 0.04058369994163513, 0.037523478269577026, 0.03710959479212761, 0.036927640438079834, 0.03669651225209236, 0.03701657056808472, 0.03689594939351082, 0.03654599189758301, 0.037591636180877686, 0.03678043931722641, 0.03696930408477783, 0.03758407384157181, 0.03829295188188553], "val_classification_output_loss": [0.08269146829843521, 0.07795383781194687, 0.07555004954338074, 0.07480212301015854, 0.07513241469860077, 0.07432007044553757, 0.07386235892772675, 0.07360523194074631, 0.07297185063362122, 0.07370356470346451, 0.07353505492210388, 0.07279788702726364, 0.0748734325170517, 0.07326788455247879, 0.07364265620708466, 0.07490115612745285, 0.07633833587169647], "val_regression_output_loss": [0.006469376850873232, 0.006294595543295145, 0.006154501345008612, 0.00610190536826849, 0.0060133859515190125, 0.0007059277268126607, 0.0003360880946274847, 0.00022933534637559205, 0.0004006208328064531, 0.0003095962747465819, 0.0002369207504671067, 0.0002743221411947161, 0.0002903022395912558, 0.00027340231463313103, 0.00027659942861646414, 0.0002477608504705131, 0.00022855440329294652], "val_classification_output_accuracy": [0.973413348197937, 0.9738933444023132, 0.9750133156776428, 0.974453330039978, 0.9751200079917908, 0.9748533368110657, 0.9745866656303406, 0.9755200147628784, 0.9751733541488647, 0.9752533435821533, 0.9757066369056702, 0.9754133224487305, 0.9751200079917908, 0.9753333330154419, 0.9756799936294556, 0.974560022354126, 0.9740266799926758], "val_classification_output_sensitivity_at_specificity": [0.3254321813583374, 0.37077102065086365, 0.3040619492530823, 0.4408208727836609, 0.3653091490268707, 0.44686606526374817, 0.5483614206314087, 0.5770495533943176, 0.536907434463501, 0.49586382508277893, 0.5635274052619934, 0.5182415843009949, 0.5231201648712158, 0.5293244123458862, 0.5121433734893799, 0.5606639385223389, 0.5610881447792053], "val_regression_output_mean_squared_error": [0.006469376850873232, 0.006294595543295145, 0.006154501345008612, 0.00610190536826849, 0.0060133859515190125, 0.0007059277268126607, 0.0003360880946274847, 0.00022933534637559205, 0.0004006208328064531, 0.0003095962747465819, 0.0002369207504671067, 0.0002743221411947161, 0.0002903022395912558, 0.00027340231463313103, 0.00027659942861646414, 0.0002477608504705131, 0.00022855440329294652]}