{"loss": [0.08760582655668259, 0.045555636286735535, 0.041773971170186996, 0.04007275775074959, 0.03872101381421089, 0.03805549815297127, 0.03719046711921692, 0.03654443845152855, 0.036137085407972336, 0.03570762649178505, 0.035269662737846375, 0.035240549594163895, 0.03446083515882492], "classification_output_loss": [0.16013005375862122, 0.08821862190961838, 0.08197888731956482, 0.07910839468240738, 0.07660654187202454, 0.0756327286362648, 0.0741189569234848, 0.07287267595529556, 0.07207061350345612, 0.07122230529785156, 0.070350781083107, 0.07029642909765244, 0.06874722242355347], "regression_output_loss": [0.015062362886965275, 0.00287464982829988, 0.0015500709414482117, 0.0010177299845963717, 0.0008164095343090594, 0.0004596176731865853, 0.0002437412040308118, 0.0001983676484087482, 0.0001860557240433991, 0.00017597025725990534, 0.0001721273292787373, 0.0001685319875832647, 0.00015873272786848247], "classification_output_accuracy": [0.9475822448730469, 0.9705955386161804, 0.9723733067512512, 0.9731555581092834, 0.9741155505180359, 0.974506676197052, 0.9750044345855713, 0.9752444624900818, 0.9756355285644531, 0.975546658039093, 0.9760711193084717, 0.9758666753768921, 0.9768355488777161], "classification_output_sensitivity_at_specificity": [0.25866490602493286, 0.3214476406574249, 0.3333808183670044, 0.4082036018371582, 0.46229472756385803, 0.5016385912895203, 0.5329141616821289, 0.6175328493118286, 0.6033733487129211, 0.6691126823425293, 0.7064083218574524, 0.6707868576049805, 0.6677412390708923], "regression_output_mean_squared_error": [0.015062362886965275, 0.00287464982829988, 0.0015500709414482117, 0.0010177299845963717, 0.0008164095343090594, 0.00045961764408275485, 0.0002437412040308118, 0.0001983676484087482, 0.0001860557240433991, 0.00017597025725990534, 0.0001721273292787373, 0.0001685319875832647, 0.00015873272786848247], "val_loss": [0.047991883009672165, 0.04162723198533058, 0.040714118629693985, 0.03917009383440018, 0.03858674690127373, 0.03764387220144272, 0.037682000547647476, 0.037241339683532715, 0.037658002227544785, 0.03741902858018875, 0.03877273574471474, 0.03724183514714241, 0.03766932338476181], "val_classification_output_loss": [0.09160617738962173, 0.08180045336484909, 0.08057210594415665, 0.07776414602994919, 0.07674065232276917, 0.0750788003206253, 0.07518909126520157, 0.07431098818778992, 0.07518025487661362, 0.07468423992395401, 0.07741468399763107, 0.07435568422079086, 0.07521666586399078], "val_regression_output_loss": [0.004359737504273653, 0.001435518148355186, 0.0008369138231500983, 0.0005566871259361506, 0.0004141113022342324, 0.0001904351229313761, 0.00015683039964642376, 0.00015402449935209006, 0.00011856599303428084, 0.00013720549759455025, 0.00011452276521595195, 0.00011193565296707675, 0.00010674245277186856], "val_classification_output_accuracy": [0.970853328704834, 0.9729599952697754, 0.973466694355011, 0.9740266799926758, 0.9741866588592529, 0.9746666550636292, 0.9749600291252136, 0.9751200079917908, 0.975226640701294, 0.9751999974250793, 0.9738399982452393, 0.9754666686058044, 0.9751466512680054], "val_classification_output_sensitivity_at_specificity": [0.337912380695343, 0.45120400190353394, 0.44446802139282227, 0.4872705936431885, 0.5093879103660583, 0.5555850267410278, 0.492150217294693, 0.4962872564792633, 0.5381351709365845, 0.5579187273979187, 0.5076906681060791, 0.4916198253631592, 0.55441814661026], "val_regression_output_mean_squared_error": [0.004359737504273653, 0.001435518148355186, 0.0008369138231500983, 0.0005566871259361506, 0.0004141113022342324, 0.0001904351229313761, 0.00015683039964642376, 0.00015402449935209006, 0.00011856599303428084, 0.00013720549759455025, 0.00011452276521595195, 0.00011193565296707675, 0.00010674245277186856]}