{"loss": [0.17982293665409088, 0.05823535472154617, 0.051810551434755325, 0.04945097118616104, 0.04807312414050102, 0.04729268327355385, 0.046519532799720764, 0.045288603752851486, 0.04482819139957428, 0.04440737143158913, 0.04357794299721718, 0.04322635382413864, 0.043059155344963074, 0.042351823300123215, 0.04220796376466751], "classification_output_loss": [0.23590092360973358, 0.09550762176513672, 0.08534333854913712, 0.08164318650960922, 0.07957097142934799, 0.07836724817752838, 0.07711029797792435, 0.07510801404714584, 0.07437270134687424, 0.07368885725736618, 0.07234125584363937, 0.07176385074853897, 0.07149898260831833, 0.07033306360244751, 0.070094995200634], "regression_output_loss": [0.09568019956350327, 0.0022988501004874706, 0.0014821764780208468, 0.0011332228314131498, 0.0007959308568388224, 0.0006496472051367164, 0.0006021177978254855, 0.0005280650220811367, 0.0004804478376172483, 0.0004544350958894938, 0.0004020458727609366, 0.00038992217741906643, 0.0003699485387187451, 0.0003511945251375437, 0.00034930594847537577], "classification_output_accuracy": [0.9350577592849731, 0.9711111187934875, 0.971946656703949, 0.9728444218635559, 0.9739022254943848, 0.9740355610847473, 0.97425776720047, 0.9749066829681396, 0.9752177596092224, 0.9752711057662964, 0.9759911298751831, 0.975724458694458, 0.975724458694458, 0.9760977625846863, 0.9765777587890625], "classification_output_sensitivity_at_specificity": [0.18512976169586182, 0.26738986372947693, 0.24125830829143524, 0.2777748107910156, 0.3799319565296173, 0.36438125371932983, 0.4704572558403015, 0.4675181210041046, 0.5235932469367981, 0.5205115675926208, 0.5659167170524597, 0.5416555404663086, 0.5321434140205383, 0.5191934108734131, 0.5804164409637451], "regression_output_mean_squared_error": [0.09568019956350327, 0.0022988501004874706, 0.0014821764780208468, 0.0011332228314131498, 0.0007959308568388224, 0.0006496472051367164, 0.0006021177978254855, 0.0005280650220811367, 0.0004804478376172483, 0.0004544350958894938, 0.0004020458727609366, 0.00038992217741906643, 0.0003699485387187451, 0.0003511945251375437, 0.00034930594847537577], "val_loss": [0.06366591155529022, 0.05205455422401428, 0.0494956448674202, 0.048009440302848816, 0.047071147710084915, 0.04644985496997833, 0.047325946390628815, 0.045658551156520844, 0.045179951936006546, 0.04501406103372574, 0.04582870751619339, 0.0457877442240715, 0.045086152851581573, 0.04613454267382622, 0.04573461040854454], "val_classification_output_loss": [0.102913036942482, 0.08556098490953445, 0.08163314312696457, 0.07942554354667664, 0.07798293977975845, 0.076975017786026, 0.07850581407546997, 0.07567697763442993, 0.07500726729631424, 0.07470133155584335, 0.07608726620674133, 0.07607828825712204, 0.07493928074836731, 0.07653409987688065, 0.0760255977511406], "val_regression_output_loss": [0.004768377635627985, 0.0017658018041402102, 0.0012604035437107086, 0.0008552707731723785, 0.0006724424893036485, 0.0006308747106231749, 0.0005245970096439123, 0.0005995506653562188, 0.000408005464123562, 0.00045204494381323457, 0.0004104451509192586, 0.00032191883656196296, 0.0002774185559246689, 0.0005066097946837544, 0.0002699631149880588], "val_classification_output_accuracy": [0.969653308391571, 0.9722133278846741, 0.9726133346557617, 0.9732000231742859, 0.9735999703407288, 0.9737333059310913, 0.9732533097267151, 0.974133312702179, 0.9742666482925415, 0.9741600155830383, 0.973360002040863, 0.9738133549690247, 0.9740533232688904, 0.9734933376312256, 0.9739733338356018], "val_classification_output_sensitivity_at_specificity": [0.35973700881004333, 0.38990509510040283, 0.4043263792991638, 0.4065001904964447, 0.43629711866378784, 0.43794071674346924, 0.4733046889305115, 0.5201739072799683, 0.4500821828842163, 0.6133291125297546, 0.6065425872802734, 0.6173055768013, 0.650018572807312, 0.5953555107116699, 0.5981125235557556], "val_regression_output_mean_squared_error": [0.004768377635627985, 0.0017658018041402102, 0.0012604035437107086, 0.0008552707731723785, 0.0006724424893036485, 0.0006308747106231749, 0.0005245970096439123, 0.0005995506653562188, 0.000408005464123562, 0.00045204494381323457, 0.0004104451509192586, 0.00032191883656196296, 0.0002774185559246689, 0.0005066097946837544, 0.0002699631149880588]}