{"loss": [0.14454999566078186, 0.04861205816268921, 0.04618128389120102, 0.044756535440683365, 0.044281020760536194, 0.04363888129591942, 0.04317176342010498, 0.04314318299293518, 0.04268302768468857, 0.04195842519402504, 0.041160836815834045, 0.04081670567393303, 0.040249548852443695, 0.04056844487786293, 0.039962757378816605, 0.03923614323139191, 0.03894658759236336, 0.037996236234903336, 0.036055076867341995, 0.036029864102602005, 0.0356111079454422, 0.035160183906555176, 0.034725289791822433, 0.03499316796660423], "classification_output_loss": [0.17294913530349731, 0.09061377495527267, 0.08617522567510605, 0.08337137848138809, 0.08249666541814804, 0.0811929851770401, 0.0803191065788269, 0.08024822920560837, 0.07937868684530258, 0.07797554135322571, 0.07641071081161499, 0.07578087598085403, 0.07470083981752396, 0.07535373419523239, 0.07426918298006058, 0.07292186468839645, 0.07258745282888412, 0.0728238895535469, 0.0716162770986557, 0.07168538868427277, 0.07090675085783005, 0.07000529766082764, 0.06914719194173813, 0.06967656314373016], "regression_output_loss": [0.11613291501998901, 0.006592663936316967, 0.0061697871424257755, 0.006124129053205252, 0.006047707051038742, 0.0060666524805128574, 0.0060059260576963425, 0.006019188556820154, 0.005967987701296806, 0.005921429954469204, 0.0058909147046506405, 0.005832544527947903, 0.005778135731816292, 0.0057630822993814945, 0.005636258516460657, 0.005530382972210646, 0.005285691004246473, 0.003148792078718543, 0.00047423329669982195, 0.0003547649539541453, 0.0002960347628686577, 0.00029604925657622516, 0.00028451409889385104, 0.0002908969181589782], "classification_output_accuracy": [0.9518933296203613, 0.9704977869987488, 0.9712444543838501, 0.9719022512435913, 0.9724799990653992, 0.9727644324302673, 0.973182201385498, 0.972915530204773, 0.9737066626548767, 0.9739466905593872, 0.974311113357544, 0.9744266867637634, 0.9749422073364258, 0.9747466444969177, 0.9751111268997192, 0.9755377769470215, 0.9755021929740906, 0.9753689169883728, 0.9757422208786011, 0.9754400253295898, 0.9760622382164001, 0.9764444231987, 0.976746678352356, 0.9762133359909058], "classification_output_sensitivity_at_specificity": [0.13651476800441742, 0.19225503504276276, 0.3089273273944855, 0.3431360423564911, 0.33177462220191956, 0.3517771065235138, 0.39587149024009705, 0.3629785180091858, 0.41610512137413025, 0.4419216513633728, 0.4424550533294678, 0.3729175329208374, 0.4947282373905182, 0.48050424456596375, 0.5094856023788452, 0.4989420771598816, 0.49883541464805603, 0.6216595768928528, 0.5719289779663086, 0.5268388986587524, 0.5398005247116089, 0.5781519412994385, 0.637697160243988, 0.6009458899497986], "regression_output_mean_squared_error": [0.11613291501998901, 0.006592663936316967, 0.0061697871424257755, 0.006124129053205252, 0.006047707051038742, 0.0060666524805128574, 0.0060059260576963425, 0.006019188556820154, 0.005967987701296806, 0.005921429954469204, 0.0058909147046506405, 0.005832544527947903, 0.005778135731816292, 0.0057630822993814945, 0.005636258516460657, 0.005530382972210646, 0.005285691004246473, 0.003148792078718543, 0.00047423329669982195, 0.0003547649539541453, 0.0002960347628686577, 0.00029604934388771653, 0.00028451409889385104, 0.0002908969181589782], "val_loss": [0.05224720388650894, 0.045100245624780655, 0.04306136444211006, 0.04444408416748047, 0.04280976206064224, 0.04203350096940994, 0.04204228147864342, 0.04263560101389885, 0.041668448597192764, 0.0416332446038723, 0.042121417820453644, 0.0412430576980114, 0.040664851665496826, 0.04051244258880615, 0.04128840193152428, 0.04012657701969147, 0.04064561054110527, 0.03762171044945717, 0.03754701092839241, 0.03788120299577713, 0.03801308199763298, 0.03787403181195259, 0.03879087045788765, 0.03909903019666672], "val_classification_output_loss": [0.09212622046470642, 0.08167295902967453, 0.07930179685354233, 0.08268402516841888, 0.07902111113071442, 0.0779198408126831, 0.07784228771924973, 0.07840161770582199, 0.07594005763530731, 0.07650872319936752, 0.07767327129840851, 0.07624884694814682, 0.07520437240600586, 0.07498829811811447, 0.07635148614645004, 0.07441525161266327, 0.0752774253487587, 0.07481049746274948, 0.07481124252080917, 0.07546961307525635, 0.07578567415475845, 0.0755084976553917, 0.07730831950902939, 0.07795770466327667], "val_regression_output_loss": [0.012350589968264103, 0.00850990042090416, 0.006803411059081554, 0.006186503451317549, 0.006580546963959932, 0.006128861103206873, 0.006223700009286404, 0.006850364618003368, 0.007377014961093664, 0.006737876683473587, 0.00654943659901619, 0.006217177491635084, 0.006105422042310238, 0.006016474682837725, 0.006205407436937094, 0.005817836150527, 0.005993827246129513, 0.00041321985190734267, 0.00026317048468627036, 0.00027331316960044205, 0.00022134165919851512, 0.00022045894002076238, 0.00025461698533035815, 0.0002216714492533356], "val_classification_output_accuracy": [0.9712799787521362, 0.9734933376312256, 0.9737066626548767, 0.9730133414268494, 0.9728800058364868, 0.9739999771118164, 0.9743733406066895, 0.9742666482925415, 0.974560022354126, 0.9746133089065552, 0.9749333262443542, 0.974399983882904, 0.9753333330154419, 0.9751733541488647, 0.9747200012207031, 0.975546658039093, 0.9757066369056702, 0.9753333330154419, 0.9754666686058044, 0.9753599762916565, 0.9749600291252136, 0.9747200012207031, 0.974560022354126, 0.9749866724014282], "val_classification_output_sensitivity_at_specificity": [0.20120488107204437, 0.35256171226501465, 0.3891880512237549, 0.30804499983787537, 0.3327291011810303, 0.3881750702857971, 0.3881750702857971, 0.38492295145988464, 0.3622647523880005, 0.3514421284198761, 0.3608786165714264, 0.43733006715774536, 0.5049315094947815, 0.4271472096443176, 0.47011783719062805, 0.458655446767807, 0.4608412981033325, 0.5362797975540161, 0.4924561381340027, 0.4062483310699463, 0.5062110424041748, 0.3005811274051666, 0.49933359026908875, 0.4295462965965271], "val_regression_output_mean_squared_error": [0.012350589968264103, 0.00850990042090416, 0.006803411059081554, 0.006186503451317549, 0.006580546963959932, 0.006128861103206873, 0.006223700009286404, 0.006850364618003368, 0.007377014961093664, 0.006737876683473587, 0.00654943659901619, 0.006217177491635084, 0.006105422042310238, 0.006016474682837725, 0.006205407436937094, 0.005817836150527, 0.005993827246129513, 0.00041321985190734267, 0.00026317048468627036, 0.00027331316960044205, 0.00022134165919851512, 0.00022045894002076238, 0.00025461698533035815, 0.0002216714492533356]}