stat,value
sig_in_test,20000
bkg_in_test,400000
accuracy,0.9750404761904762
precision,0.9868030690537084
efficiency,0.48235
auc,0.9948955639999999
f1score,0.647971229661782
test loss,0.08676776335630292
threshold,0.99921334
regression_R^2,0.912253160610705
classification loss weight,0.5
regression loss weight,0.5
regression activation type,relu
