entry,val
yeojohnson scale factor,0.9998818358727788
yeojohnson lambda,-8.254744194083743
boxcox scale factor,0.9998818358727788
boxcox lambda,0.2937145593522929
