entry,val
yeojohnson scale factor,0.9998818358727788
yeojohnson lambda,-12.98355612477885
boxcox scale factor,0.9998818358727788
boxcox lambda,0.09436833012421912
