{"loss": [0.22943612933158875, 0.06960607320070267, 0.059711016714572906, 0.0565960556268692, 0.05491013079881668, 0.05354081466794014, 0.05320056155323982, 0.05239066854119301, 0.05123433098196983, 0.051066938787698746, 0.050391778349876404, 0.04979472607374191], "classification_output_loss": [0.2560429573059082, 0.09675372391939163, 0.08450012654066086, 0.08035393059253693, 0.07804442197084427, 0.07615279406309128, 0.0756884515285492, 0.07457492500543594, 0.07294105738401413, 0.07267098873853683, 0.07175852358341217, 0.07091859728097916], "regression_output_loss": [0.16732941567897797, 0.006237979978322983, 0.0018453671364113688, 0.0011356114409863949, 0.0009042895399034023, 0.0007537779165431857, 0.0007038902840577066, 0.0006033119279891253, 0.0005619714502245188, 0.0006340880645439029, 0.0005129869095981121, 0.0004827584489248693], "classification_output_accuracy": [0.9550844430923462, 0.9712710976600647, 0.9726666808128357, 0.9732000231742859, 0.9737066626548767, 0.9742488861083984, 0.974631130695343, 0.9744622111320496, 0.975297749042511, 0.9751022458076477, 0.975475549697876, 0.9758310914039612], "classification_output_sensitivity_at_specificity": [0.2075001299381256, 0.24143949151039124, 0.2889118492603302, 0.36149147152900696, 0.4082159698009491, 0.4424402117729187, 0.48035043478012085, 0.5447034239768982, 0.6160544157028198, 0.6366209983825684, 0.6236222386360168, 0.6438505053520203], "regression_output_mean_squared_error": [0.16732941567897797, 0.006237979978322983, 0.0018453671364113688, 0.0011356114409863949, 0.0009042895399034023, 0.0007537779165431857, 0.0007038902840577066, 0.0006033119279891253, 0.0005619714502245188, 0.0006340880645439029, 0.0005129869095981121, 0.0004827584489248693], "val_loss": [0.11670033633708954, 0.06191028654575348, 0.05959419906139374, 0.055944621562957764, 0.054825104773044586, 0.05340671166777611, 0.05304444953799248, 0.05310903862118721, 0.05389341339468956, 0.05364803224802017, 0.0561070591211319, 0.05492395907640457], "val_classification_output_loss": [0.15026822686195374, 0.08671480417251587, 0.08460091799497604, 0.0791393518447876, 0.0779656395316124, 0.07605522871017456, 0.075436070561409, 0.07549791783094406, 0.07662273198366165, 0.07612518221139908, 0.07995100319385529, 0.07820268720388412], "val_regression_output_loss": [0.03835219517350197, 0.0040089902468025684, 0.001220270642079413, 0.0017979491967707872, 0.0008047103183344007, 0.0005348181002773345, 0.0007730745710432529, 0.000844551483169198, 0.0008347469847649336, 0.0011779282940551639, 0.0004486159887164831, 0.0005840944359079003], "val_classification_output_accuracy": [0.9684000015258789, 0.9715999960899353, 0.9725066423416138, 0.9733333587646484, 0.973466694355011, 0.9741600155830383, 0.9740800261497498, 0.9742133617401123, 0.974133312702179, 0.9742400050163269, 0.9727733135223389, 0.9739199876785278], "val_classification_output_sensitivity_at_specificity": [0.21612441539764404, 0.2827875316143036, 0.34085240960121155, 0.40687862038612366, 0.5360649824142456, 0.4759301543235779, 0.4595828354358673, 0.3947773575782776, 0.44238629937171936, 0.3483360707759857, 0.43469029664993286, 0.3552359342575073], "val_regression_output_mean_squared_error": [0.03835219517350197, 0.0040089902468025684, 0.001220270642079413, 0.0017979491967707872, 0.0008047103183344007, 0.0005348181002773345, 0.0007730745710432529, 0.000844551483169198, 0.0008347469847649336, 0.0011779282940551639, 0.0004486159887164831, 0.0005840944359079003]}