{"loss": [0.1824406236410141, 0.054430339485406876, 0.048667266964912415, 0.04593846946954727, 0.04438312351703644, 0.04291679710149765, 0.04221177473664284, 0.041473258286714554, 0.04110559821128845, 0.04059552028775215, 0.03992893174290657, 0.03937043994665146, 0.03921518102288246, 0.03864793851971626, 0.038170576095581055, 0.037963900715112686, 0.037814609706401825, 0.037371717393398285, 0.03697516769170761, 0.035719774663448334, 0.03437201678752899, 0.033557046204805374, 0.03339836001396179, 0.033029258251190186, 0.03227337449789047, 0.032423634082078934, 0.03194129839539528], "classification_output_loss": [0.229440838098526, 0.10183276981115341, 0.09091972559690475, 0.08570276200771332, 0.08258973062038422, 0.07968084514141083, 0.07819321006536484, 0.07678151875734329, 0.07598572224378586, 0.07500045746564865, 0.07377483695745468, 0.07260745763778687, 0.07231126725673676, 0.07124421745538712, 0.07034330815076828, 0.06999549269676208, 0.06971844285726547, 0.06893324851989746, 0.06828135997056961, 0.0677473396062851, 0.06805524230003357, 0.06656253337860107, 0.06629505753517151, 0.06555518507957458, 0.06409201771020889, 0.06440109014511108, 0.06346182525157928], "regression_output_loss": [0.13541440665721893, 0.007003034930676222, 0.006391898263245821, 0.006152166519314051, 0.006154102273285389, 0.006129864137619734, 0.0062072365544736385, 0.006142236292362213, 0.006203155033290386, 0.0061682723462581635, 0.006060564424842596, 0.006111121270805597, 0.006096991244703531, 0.006029871292412281, 0.0059761893935501575, 0.0059110252186656, 0.005889416206628084, 0.005788838025182486, 0.005647758021950722, 0.003670866135507822, 0.0006675532204099, 0.0005301730125211179, 0.00048005039570853114, 0.0004815942083951086, 0.00043268961599096656, 0.00042418521479703486, 0.00039857366937212646], "classification_output_accuracy": [0.9308266639709473, 0.968435525894165, 0.9702222347259521, 0.9711911082267761, 0.9721066951751709, 0.9728888869285583, 0.9737777709960938, 0.9740177989006042, 0.9742844700813293, 0.9740889072418213, 0.9746222496032715, 0.975351095199585, 0.9752177596092224, 0.9755644202232361, 0.975795567035675, 0.9757511019706726, 0.9761599898338318, 0.9764000177383423, 0.9765244722366333, 0.9764177799224854, 0.9765599966049194, 0.9772800207138062, 0.9771999716758728, 0.9775555729866028, 0.9781333208084106, 0.9777244329452515, 0.9779911041259766], "classification_output_sensitivity_at_specificity": [0.14958350360393524, 0.18519438803195953, 0.21666696667671204, 0.2666110098361969, 0.29200929403305054, 0.4153597354888916, 0.4614851772785187, 0.4903113543987274, 0.4503845274448395, 0.515230119228363, 0.5898442268371582, 0.6394153237342834, 0.5505213141441345, 0.6414223313331604, 0.6744400858879089, 0.7155036330223083, 0.6550450325012207, 0.6795019507408142, 0.7012414932250977, 0.7312576770782471, 0.7338507771492004, 0.7340639233589172, 0.7037990689277649, 0.7526064515113831, 0.7778271436691284, 0.7849315404891968, 0.7645951509475708], "regression_output_mean_squared_error": [0.13541440665721893, 0.007003034930676222, 0.006391898263245821, 0.006152166519314051, 0.006154102273285389, 0.006129864137619734, 0.0062072365544736385, 0.006142236292362213, 0.006203155033290386, 0.0061682723462581635, 0.006060564424842596, 0.006111121270805597, 0.006096991244703531, 0.006029871292412281, 0.0059761893935501575, 0.0059110252186656, 0.005889416206628084, 0.005788838025182486, 0.005647758021950722, 0.003670866135507822, 0.0006675532204099, 0.0005301730125211179, 0.00048005039570853114, 0.0004815942083951086, 0.00043268961599096656, 0.00042418521479703486, 0.00039857366937212646], "val_loss": [0.08516284823417664, 0.04872550815343857, 0.04512336105108261, 0.04370792582631111, 0.042672641575336456, 0.04225241392850876, 0.04228177294135094, 0.04257631301879883, 0.041357167065143585, 0.0408005453646183, 0.0421425886452198, 0.04075360670685768, 0.04082641005516052, 0.04094989225268364, 0.04097532108426094, 0.0406683087348938, 0.04168098047375679, 0.04119645804166794, 0.04103846102952957, 0.03826993703842163, 0.03834474831819534, 0.03825767710804939, 0.038481373339891434, 0.04022424295544624, 0.039558641612529755, 0.03944488614797592, 0.040112659335136414], "val_classification_output_loss": [0.11445926129817963, 0.08805111795663834, 0.08329234272241592, 0.08086774498224258, 0.07863600552082062, 0.07774344086647034, 0.0768665075302124, 0.07862227410078049, 0.07647348195314407, 0.0753408819437027, 0.07723938673734665, 0.07471336424350739, 0.07555091381072998, 0.07576170563697815, 0.0758574977517128, 0.07527097314596176, 0.07729857414960861, 0.07645900547504425, 0.07629019021987915, 0.07556325197219849, 0.076202392578125, 0.07612857967615128, 0.07659383863210678, 0.07984284311532974, 0.07883639633655548, 0.07855449616909027, 0.07981162518262863], "val_regression_output_loss": [0.05584098398685455, 0.009375780820846558, 0.006932210177183151, 0.006526113487780094, 0.006686605978757143, 0.006738291122019291, 0.00767416600137949, 0.006507697515189648, 0.006218550261110067, 0.0062378267757594585, 0.007023416925221682, 0.006771768443286419, 0.0060800351202487946, 0.0061164419166743755, 0.0060716955922544, 0.006044238340109587, 0.006041982676833868, 0.005912697874009609, 0.00576566020026803, 0.0009552843985147774, 0.0004655787197407335, 0.0003652686718851328, 0.0003471722302492708, 0.0005839148652739823, 0.00025886649382300675, 0.0003132344572804868, 0.0003916055429726839], "val_classification_output_accuracy": [0.9679466485977173, 0.971226692199707, 0.9728266596794128, 0.9736533164978027, 0.9735733270645142, 0.9739733338356018, 0.974453330039978, 0.9732800126075745, 0.9742400050163269, 0.9748266935348511, 0.9741066694259644, 0.9751733541488647, 0.9745333194732666, 0.9748533368110657, 0.974506676197052, 0.9747733473777771, 0.9741600155830383, 0.9745866656303406, 0.9747999906539917, 0.9753333330154419, 0.9746133089065552, 0.9747466444969177, 0.9747733473777771, 0.9731733202934265, 0.9738933444023132, 0.9734399914741516, 0.9737866520881653], "val_classification_output_sensitivity_at_specificity": [0.1829170435667038, 0.23779216408729553, 0.279617041349411, 0.34155210852622986, 0.3188211917877197, 0.35684868693351746, 0.3655666708946228, 0.3573835492134094, 0.21639835834503174, 0.4616248607635498, 0.3695780038833618, 0.3949296772480011, 0.32293951511383057, 0.3811306655406952, 0.2827191650867462, 0.40396854281425476, 0.2248489111661911, 0.4035406708717346, 0.40755200386047363, 0.4108680486679077, 0.5062844157218933, 0.4604482054710388, 0.3425683379173279, 0.4248810112476349, 0.329250693321228, 0.40824732184410095, 0.43488261103630066], "val_regression_output_mean_squared_error": [0.05584098398685455, 0.009375780820846558, 0.006932210177183151, 0.006526113487780094, 0.006686605978757143, 0.006738291122019291, 0.00767416600137949, 0.006507697515189648, 0.006218550261110067, 0.0062378267757594585, 0.007023416925221682, 0.006771768443286419, 0.0060800351202487946, 0.0061164419166743755, 0.0060716955922544, 0.006044238340109587, 0.006041982676833868, 0.005912697874009609, 0.00576566020026803, 0.0009552843985147774, 0.0004655787197407335, 0.0003652686718851328, 0.0003471722302492708, 0.0005839148652739823, 0.00025886649382300675, 0.0003132344572804868, 0.0003916055429726839]}