{"loss": [0.10963977128267288, 0.05002015456557274, 0.042120855301618576, 0.03961985558271408, 0.03875838220119476, 0.03799111396074295, 0.03781285509467125, 0.03712455555796623, 0.036850426346063614, 0.03635237365961075, 0.03595101833343506, 0.03559168055653572, 0.035503651946783066, 0.03531493991613388], "classification_output_loss": [0.20288100838661194, 0.09610872715711594, 0.0833025872707367, 0.07885301858186722, 0.077227883040905, 0.07569573074579239, 0.07534072548151016, 0.07399465143680573, 0.07344983518123627, 0.07246106117963791, 0.07167161256074905, 0.07094290107488632, 0.07076559960842133, 0.07038169354200363], "regression_output_loss": [0.016387632116675377, 0.003922397270798683, 0.0009296832140535116, 0.0003777193487621844, 0.00028021380421705544, 0.00027796815265901387, 0.0002765286772046238, 0.0002459062961861491, 0.00024253498122561723, 0.0002351049770368263, 0.00022176370839588344, 0.0002316807658644393, 0.0002328716218471527, 0.00023920138482935727], "classification_output_accuracy": [0.9493688941001892, 0.9706577658653259, 0.9730578064918518, 0.9740889072418213, 0.9744977951049805, 0.9749422073364258, 0.9750133156776428, 0.9753244519233704, 0.975795567035675, 0.975795567035675, 0.9760533571243286, 0.9768977761268616, 0.9764088988304138, 0.9768266677856445], "classification_output_sensitivity_at_specificity": [0.06378743797540665, 0.1456855982542038, 0.25381675362586975, 0.29585000872612, 0.22898782789707184, 0.4231582581996918, 0.3961787819862366, 0.4174531102180481, 0.44626322388648987, 0.47281613945961, 0.46387630701065063, 0.49060696363449097, 0.5272194147109985, 0.5662490129470825], "regression_output_mean_squared_error": [0.016387632116675377, 0.003922397270798683, 0.0009296832140535116, 0.0003777193487621844, 0.00028021380421705544, 0.00027796815265901387, 0.0002765286772046238, 0.0002459062961861491, 0.00024253498122561723, 0.0002351049770368263, 0.00022176370839588344, 0.0002316807658644393, 0.0002328716218471527, 0.00023920138482935727], "val_loss": [0.06679870933294296, 0.044915102422237396, 0.040585678070783615, 0.04266771301627159, 0.039013948291540146, 0.04104962944984436, 0.0391816571354866, 0.03927651420235634, 0.038565244525671005, 0.03884701430797577, 0.03866223990917206, 0.03864819183945656, 0.041795771569013596, 0.03939453884959221], "val_classification_output_loss": [0.1280813217163086, 0.0876665785908699, 0.08074526488780975, 0.08501249551773071, 0.07779408246278763, 0.08172618597745895, 0.07816658914089203, 0.07834134995937347, 0.0769234299659729, 0.07750273495912552, 0.07708363980054855, 0.07694928348064423, 0.08338657766580582, 0.07855899631977081], "val_regression_output_loss": [0.005506858229637146, 0.002153962617740035, 0.000417106319218874, 0.0003141602501273155, 0.00022523010557051748, 0.0003646129625849426, 0.00018825176812242717, 0.00020321374177001417, 0.0001984176051337272, 0.00018270761938765645, 0.00023220173898153007, 0.00033837725641205907, 0.0001960510853677988, 0.00022094807354733348], "val_classification_output_accuracy": [0.9656000137329102, 0.9715999960899353, 0.97298663854599, 0.9723733067512512, 0.9740266799926758, 0.9737066626548767, 0.9733066558837891, 0.973360002040863, 0.9743466377258301, 0.9738933444023132, 0.9736533164978027, 0.9738133549690247, 0.9730666875839233, 0.9732800126075745], "val_classification_output_sensitivity_at_specificity": [0.3238857686519623, 0.36696022748947144, 0.3292233645915985, 0.39129969477653503, 0.37464639544487, 0.317800909280777, 0.36765411496162415, 0.34470242261886597, 0.4084867835044861, 0.47349879145622253, 0.39519616961479187, 0.46965572237968445, 0.482199102640152, 0.574112594127655], "val_regression_output_mean_squared_error": [0.005506858229637146, 0.002153962617740035, 0.000417106319218874, 0.0003141602501273155, 0.00022523010557051748, 0.0003646129625849426, 0.00018825176812242717, 0.00020321374177001417, 0.0001984176051337272, 0.00018270761938765645, 0.00023220173898153007, 0.00033837725641205907, 0.0001960510853677988, 0.00022094807354733348]}