{"loss": [0.09367207437753677, 0.05213767662644386, 0.045597199350595474, 0.043399736285209656, 0.04149888455867767, 0.0405600443482399, 0.04025408998131752, 0.03988555446267128, 0.0393567755818367, 0.03929601609706879, 0.03858644887804985, 0.03855399042367935], "classification_output_loss": [0.16525058448314667, 0.09798561781644821, 0.08528456091880798, 0.08272981643676758, 0.08177583664655685, 0.08059311658143997, 0.08010876923799515, 0.07941431552171707, 0.0783737376332283, 0.07826680690050125, 0.07683299481868744, 0.07678832113742828], "regression_output_loss": [0.022072141990065575, 0.006264397408813238, 0.005881386809051037, 0.004040024243295193, 0.001191211398690939, 0.000495529908221215, 0.0003678221837617457, 0.0003251595771871507, 0.000308168469928205, 0.0002938101242762059, 0.00030849568429403007, 0.00028830699739046395], "classification_output_accuracy": [0.9475200176239014, 0.9670488834381104, 0.9713777899742126, 0.9722755551338196, 0.9723377823829651, 0.9730044603347778, 0.97298663854599, 0.9735999703407288, 0.9737866520881653, 0.9738666415214539, 0.9745244383811951, 0.9742133617401123], "classification_output_sensitivity_at_specificity": [0.16311892867088318, 0.23049336671829224, 0.2855113744735718, 0.22813215851783752, 0.3674614429473877, 0.36820706725120544, 0.33364105224609375, 0.3473289906978607, 0.3276936411857605, 0.3686509132385254, 0.41015854477882385, 0.3749178946018219], "regression_output_mean_squared_error": [0.022072141990065575, 0.006264397408813238, 0.005881386809051037, 0.004040024243295193, 0.001191211398690939, 0.000495529908221215, 0.0003678221837617457, 0.0003251595771871507, 0.000308168469928205, 0.0002938101242762059, 0.00030849568429403007, 0.00028830699739046395], "val_loss": [0.07164769619703293, 0.05701468139886856, 0.04252281412482262, 0.04027910530567169, 0.038790278136730194, 0.049211543053388596, 0.03757701814174652, 0.03763645887374878, 0.04086025059223175, 0.03784729540348053, 0.037980206310749054, 0.0395473875105381], "val_classification_output_loss": [0.1366596221923828, 0.10800360143184662, 0.07979162782430649, 0.07826262712478638, 0.07692692428827286, 0.09803953766822815, 0.07486231625080109, 0.07502007484436035, 0.08148588240146637, 0.07544000446796417, 0.075718455016613, 0.07883670926094055], "val_regression_output_loss": [0.006612495519220829, 0.005998495500534773, 0.005224732682108879, 0.0022654456552118063, 0.0006223805248737335, 0.0003518550074659288, 0.00026008812710642815, 0.00022125714167486876, 0.00020313051936682314, 0.00022303570585791022, 0.00021058873971924186, 0.00022651893959846348], "val_classification_output_accuracy": [0.9583466649055481, 0.9634933471679688, 0.9730933308601379, 0.9736800193786621, 0.9744799733161926, 0.9687733054161072, 0.9749066829681396, 0.9748533368110657, 0.9739466905593872, 0.9754133224487305, 0.9749066829681396, 0.9738666415214539], "val_classification_output_sensitivity_at_specificity": [0.15316231548786163, 0.30498582124710083, 0.4083971381187439, 0.4195362329483032, 0.42885449528694153, 0.5261607766151428, 0.46564558148384094, 0.5244470834732056, 0.5650404095649719, 0.5594173669815063, 0.5466716885566711, 0.5462967753410339], "val_regression_output_mean_squared_error": [0.006612495519220829, 0.005998495500534773, 0.005224732682108879, 0.0022654456552118063, 0.0006223805248737335, 0.0003518550074659288, 0.00026008812710642815, 0.00022125714167486876, 0.00020313051936682314, 0.00022303570585791022, 0.00021058873971924186, 0.00022651893959846348]}