{"loss": [0.09187810868024826, 0.04735296964645386, 0.04383236914873123, 0.04135053977370262, 0.04003601521253586, 0.03860894963145256, 0.03807758539915085, 0.03787009045481682, 0.0365145169198513, 0.036158621311187744, 0.03562095761299133, 0.03546499088406563, 0.03516161069273949, 0.03420390188694, 0.0338590182363987, 0.03376736864447594, 0.032997243106365204, 0.03245902061462402], "classification_output_loss": [0.16313757002353668, 0.08916642516851425, 0.08313185721635818, 0.07972609996795654, 0.07826371490955353, 0.07615393400192261, 0.07504481077194214, 0.07483498007059097, 0.07230561226606369, 0.07152856886386871, 0.07049071788787842, 0.07025647163391113, 0.06964578479528427, 0.067728191614151, 0.06708438694477081, 0.06679700314998627, 0.06533187627792358, 0.06432125717401505], "regression_output_loss": [0.020600179210305214, 0.005522245075553656, 0.0045151724480092525, 0.0029569596517831087, 0.0017899046652019024, 0.0010447966633364558, 0.001090758596546948, 0.0008852587779983878, 0.0007031282293610275, 0.0007683018920943141, 0.0007307892665266991, 0.0006531084654852748, 0.0006568876560777426, 0.0006590498960576952, 0.0006129072280600667, 0.0007168161100707948, 0.000641631952021271, 0.0005757034523412585], "classification_output_accuracy": [0.9481066465377808, 0.9705688953399658, 0.9718844294548035, 0.973182201385498, 0.9735733270645142, 0.9748978018760681, 0.9748978018760681, 0.9749955534934998, 0.9759377837181091, 0.9763733148574829, 0.9767555594444275, 0.9765066504478455, 0.976586639881134, 0.9778488874435425, 0.9777777791023254, 0.9778311252593994, 0.9780622124671936, 0.9784533381462097], "classification_output_sensitivity_at_specificity": [0.18054594099521637, 0.2625606060028076, 0.33182376623153687, 0.3001580536365509, 0.37247589230537415, 0.29527410864830017, 0.37558385729789734, 0.43751221895217896, 0.44046032428741455, 0.5118191242218018, 0.5310174822807312, 0.5964267253875732, 0.5379793047904968, 0.5974923372268677, 0.5992683172225952, 0.5897135138511658, 0.6570053696632385, 0.6756531000137329], "regression_output_mean_squared_error": [0.020600179210305214, 0.005522245075553656, 0.0045151724480092525, 0.0029569596517831087, 0.0017899046652019024, 0.0010447966633364558, 0.001090758596546948, 0.0008852587779983878, 0.0007031282293610275, 0.0007683018920943141, 0.0007307892665266991, 0.0006531084654852748, 0.0006568876560777426, 0.0006590498960576952, 0.0006129072280600667, 0.0007168161100707948, 0.000641631952021271, 0.0005757034523412585], "val_loss": [0.0505867637693882, 0.0452420599758625, 0.04425780475139618, 0.04141918569803238, 0.04061705991625786, 0.03943211957812309, 0.03982903063297272, 0.03905604034662247, 0.03983912244439125, 0.039107050746679306, 0.03995625674724579, 0.03897695615887642, 0.038968950510025024, 0.040352195501327515, 0.041271407157182693, 0.04314315319061279, 0.03990963473916054, 0.04040837287902832], "val_classification_output_loss": [0.095177061855793, 0.08543858677148819, 0.08485767245292664, 0.08107542991638184, 0.07992663234472275, 0.07829567790031433, 0.07862432301044464, 0.0775495246052742, 0.0791916474699974, 0.07756253331899643, 0.07944449782371521, 0.07747475057840347, 0.07744728773832321, 0.0801570862531662, 0.08209777623414993, 0.08524835109710693, 0.07941407710313797, 0.08042936772108078], "val_regression_output_loss": [0.0059791915118694305, 0.0050280471332371235, 0.0036400272510945797, 0.0017447638092562556, 0.0012886717449873686, 0.0005490396870300174, 0.0010139058576896787, 0.0005425053532235324, 0.0004665026208385825, 0.0006311987526714802, 0.00044758550939150155, 0.00045849106390960515, 0.0004699784913100302, 0.0005264383507892489, 0.00042425570427440107, 0.0010170342866331339, 0.0003842005389742553, 0.0003661830851342529], "val_classification_output_accuracy": [0.9695733189582825, 0.9715200066566467, 0.970906674861908, 0.9726666808128357, 0.9733066558837891, 0.9735466837882996, 0.9731466770172119, 0.9737866520881653, 0.9740800261497498, 0.9733333587646484, 0.973360002040863, 0.9742933511734009, 0.9740800261497498, 0.9732266664505005, 0.9736800193786621, 0.9719200134277344, 0.9737866520881653, 0.9732266664505005], "val_classification_output_sensitivity_at_specificity": [0.14240625500679016, 0.2025357037782669, 0.34734928607940674, 0.23885945975780487, 0.2993634045124054, 0.3212432563304901, 0.30289414525032043, 0.2977050244808197, 0.354678213596344, 0.3463863432407379, 0.30498048663139343, 0.2682822346687317, 0.2704220712184906, 0.2699941098690033, 0.2604183256626129, 0.2728829085826874, 0.19852350652217865, 0.15781308710575104], "val_regression_output_mean_squared_error": [0.0059791915118694305, 0.0050280471332371235, 0.0036400272510945797, 0.0017447638092562556, 0.0012886717449873686, 0.0005490396870300174, 0.0010139058576896787, 0.0005425053532235324, 0.0004665026208385825, 0.0006311987526714802, 0.00044758550939150155, 0.00045849106390960515, 0.0004699784913100302, 0.0005264383507892489, 0.00042425570427440107, 0.0010170342866331339, 0.0003842005389742553, 0.0003661830851342529]}