{"loss": [0.016426565125584602, 0.0061456733383238316, 0.005887752864509821, 0.0033589238300919533, 0.0006944044725969434, 0.0004363105690572411, 0.0003496719291433692, 0.00024544226471334696, 0.00021297085913829505, 0.00019898999016731977, 0.0001824625942390412, 0.00016918701294343919, 0.00016357857384718955, 0.00014873070176690817, 0.00014986850146669894, 0.0001403455389663577, 0.00014171890506986529, 0.00013350047811400145, 0.00013160122034605592, 0.00012848230835516006, 0.00012171687558293343, 0.0001400121982442215, 0.00012707823771052063, 0.00011811188596766442, 0.00012445809261407703, 0.00012859486741945148, 0.0001170056639239192, 0.00012390888878144324, 0.00010964417015202343, 0.00012218666961416602, 0.00012496976705733687, 0.00012115382560295984, 0.00012041236914228648, 0.00010845100041478872, 0.0001130068558268249, 0.0001079490248230286, 0.00012153553689131513, 0.00011057680967496708, 0.00011294733849354088, 0.00011024668492609635], "mean_squared_error": [0.01641984097659588, 0.006139011587947607, 0.0058812168426811695, 0.003352791303768754, 0.0006887965719215572, 0.0004311302036512643, 0.00034488612436689436, 0.0002409325388725847, 0.0002086283639073372, 0.0001947806595126167, 0.00017830463184509426, 0.00016498423065058887, 0.00015917392738629133, 0.00014402979286387563, 0.00014480094250757247, 0.0001350193633697927, 0.00013615259376820177, 0.00012793636415153742, 0.0001264698221348226, 0.00012387323658913374, 0.00011758629989344627, 0.0001363158371532336, 0.0001238140685018152, 0.00011526839080033824, 0.00012200918718008325, 0.00012645967944990844, 0.00011513589561218396, 0.00012222828809171915, 0.00010813610424520448, 0.00012081008026143536, 0.00012367131421342492, 0.00011994159285677597, 0.00011925487342523411, 0.00010735234536696225, 0.00011195295519428328, 0.00010693770309444517, 0.00012054880062351003, 0.00010960390500258654, 0.00011198017455171794, 0.00010930447751889005], "val_loss": [0.006118574179708958, 0.005927431397140026, 0.005381598602980375, 0.0017016594065353274, 0.0007467190152965486, 0.00029074677149765193, 0.00031456066062673926, 0.0001585331920068711, 0.00014154661039356142, 0.00012884713942185044, 0.00011031982285203412, 0.00026206602342426777, 0.0001359031884931028, 8.071449701674283e-05, 0.0002460860414430499, 7.276512769749388e-05, 0.00037864071782678366, 9.9384349596221e-05, 6.316487997537479e-05, 0.00015983461344148964, 0.0002705429506022483, 0.00010401061445008963, 7.57161615183577e-05, 5.711455742130056e-05, 0.00015962630277499557, 0.00010925001697614789, 7.215955702122301e-05, 7.3165116191376e-05, 5.3952298912918195e-05, 0.0001493345625931397, 0.00013730768114328384, 0.0002548834017943591, 0.0002738349139690399, 5.230798342381604e-05, 8.853233885020018e-05, 6.384561129380018e-05, 5.145010436535813e-05, 0.00018239812925457954, 9.687677084002644e-05, 0.0003523396735545248], "val_mean_squared_error": [0.006111874245107174, 0.005920832045376301, 0.0053751771338284016, 0.0016958221094682813, 0.0007413374842144549, 0.0002857842482626438, 0.0003099476743955165, 0.00015411252388730645, 0.00013727812620345503, 0.0001246923056896776, 0.0001061465372913517, 0.0002578065323177725, 0.0001313641550950706, 7.582044054288417e-05, 0.00024084780307020992, 6.733543705195189e-05, 0.000372934911865741, 9.401172428624704e-05, 5.831741509609856e-05, 0.00015548302326351404, 0.0002666057844180614, 0.00010053426376543939, 7.264468149514869e-05, 5.449500895338133e-05, 0.0001573563931742683, 0.00010726376785896719, 7.038699550321326e-05, 7.1573413151782e-05, 5.252833216218278e-05, 0.00014799038763158023, 0.00013604102423414588, 0.00025369832292199135, 0.00027271235012449324, 5.123597293277271e-05, 8.749787957640365e-05, 6.285148992901668e-05, 5.0475919124437496e-05, 0.00018142585759051144, 9.591023990651593e-05, 0.00035140381078235805]}