{"loss": [0.14249427616596222, 0.05267367139458656, 0.043429184705019, 0.04113908112049103, 0.03977152332663536, 0.03887356445193291, 0.03805817291140556, 0.037559159100055695, 0.037237465381622314, 0.03681361675262451, 0.036367498338222504, 0.035777490586042404, 0.035649292171001434, 0.035117294639348984, 0.035087358206510544, 0.03474798798561096, 0.03421198949217796, 0.03392499312758446], "classification_output_loss": [0.22099314630031586, 0.10304812341928482, 0.08569663017988205, 0.08152415603399277, 0.07898878306150436, 0.07727668434381485, 0.0756879597902298, 0.07473573088645935, 0.07411029189825058, 0.07330265641212463, 0.07242682576179504, 0.07125343382358551, 0.07098903506994247, 0.0699363425374031, 0.06988413631916046, 0.06918905675411224, 0.06813450157642365, 0.06754938513040543], "regression_output_loss": [0.06396934390068054, 0.0022747768089175224, 0.0011374431196600199, 0.0007295249961316586, 0.0005289741675369442, 0.0004438241012394428, 0.0004012637073174119, 0.00035524452687241137, 0.0003374622028786689, 0.0002980160934384912, 0.00028224365087226033, 0.0002765485260169953, 0.000284905603621155, 0.00027412513736635447, 0.00026650656946003437, 0.00028346359613351524, 0.00026624658494256437, 0.00027752388268709183], "classification_output_accuracy": [0.9365599751472473, 0.9706933498382568, 0.9721511006355286, 0.9731910824775696, 0.9735999703407288, 0.9744444489479065, 0.9747466444969177, 0.9748799800872803, 0.9751022458076477, 0.9752177596092224, 0.975351095199585, 0.9761066436767578, 0.9757066369056702, 0.9763289093971252, 0.9765599966049194, 0.9767199754714966, 0.9771288633346558, 0.9772355556488037], "classification_output_sensitivity_at_specificity": [0.3300398886203766, 0.35323649644851685, 0.4076230227947235, 0.44372642040252686, 0.46932634711265564, 0.43306273221969604, 0.4301431179046631, 0.5249234437942505, 0.5687175393104553, 0.5408388376235962, 0.5382397174835205, 0.5841522216796875, 0.6218222379684448, 0.6472619771957397, 0.6404436230659485, 0.635547935962677, 0.6567329168319702, 0.6837748289108276], "regression_output_mean_squared_error": [0.06396934390068054, 0.0022747768089175224, 0.0011374431196600199, 0.0007295249961316586, 0.0005289741675369442, 0.0004438241012394428, 0.0004012637073174119, 0.00035524452687241137, 0.0003374622028786689, 0.0002980160934384912, 0.00028224365087226033, 0.0002765485260169953, 0.000284905603621155, 0.00027412513736635447, 0.00026650656946003437, 0.00028346359613351524, 0.00026624658494256437, 0.00027752388268709183], "val_loss": [0.06297682225704193, 0.044416625052690506, 0.042602088302373886, 0.04008685052394867, 0.03931776061654091, 0.039371002465486526, 0.03857836499810219, 0.03855841979384422, 0.0384758859872818, 0.03832024708390236, 0.03870768845081329, 0.04256656765937805, 0.03831682354211807, 0.03857570141553879, 0.038575392216444016, 0.03944207355380058, 0.03941071033477783, 0.038999177515506744], "val_classification_output_loss": [0.12126662582159042, 0.08727990835905075, 0.08432543277740479, 0.07956645637750626, 0.07819807529449463, 0.0783657506108284, 0.07671543955802917, 0.0767461359500885, 0.07668492197990417, 0.07636353373527527, 0.07705355435609818, 0.08481062948703766, 0.07627486437559128, 0.07692670077085495, 0.07695037126541138, 0.078666552901268, 0.07862190157175064, 0.07771413773298264], "val_regression_output_loss": [0.004662211984395981, 0.0015290084993466735, 0.0008545395103283226, 0.0005825345870107412, 0.00041145854629576206, 0.00034925685031339526, 0.00041399311157874763, 0.00034337685792706907, 0.000240306748310104, 0.0002507816825527698, 0.00033629080280661583, 0.0002978638804052025, 0.0003344181750435382, 0.00020067526202183217, 0.00017676697461865842, 0.00019423631601966918, 0.00017649511573836207, 0.00026139398687519133], "val_classification_output_accuracy": [0.970906674861908, 0.9722133278846741, 0.9728266596794128, 0.9741866588592529, 0.9747466444969177, 0.9742400050163269, 0.975226640701294, 0.9749600291252136, 0.9750400185585022, 0.9751999974250793, 0.9746133089065552, 0.9715200066566467, 0.9750400185585022, 0.9744799733161926, 0.9748799800872803, 0.9743466377258301, 0.9730133414268494, 0.9748533368110657], "val_classification_output_sensitivity_at_specificity": [0.20554493367671967, 0.20023369789123535, 0.0, 0.0, 0.2568514943122864, 0.2981729209423065, 0.30438709259033203, 0.3042808473110199, 0.2862757742404938, 0.28245165944099426, 0.28850647807121277, 0.3756639063358307, 0.3272254168987274, 0.0, 0.0, 0.0, 0.0, 0.0], "val_regression_output_mean_squared_error": [0.004662212450057268, 0.0015290084993466735, 0.0008545395103283226, 0.0005825345870107412, 0.00041145854629576206, 0.00034925685031339526, 0.00041399311157874763, 0.00034337685792706907, 0.000240306748310104, 0.0002507816825527698, 0.00033629080280661583, 0.0002978638804052025, 0.0003344181750435382, 0.00020067526202183217, 0.00017676697461865842, 0.00019423631601966918, 0.00017649514484219253, 0.00026139398687519133]}