{"loss": [0.14325253665447235, 0.04968936741352081, 0.045400988310575485, 0.04334644600749016, 0.041942913085222244, 0.04125083610415459, 0.04069599509239197, 0.04020559415221214, 0.03971640020608902, 0.039256367832422256, 0.03887096419930458, 0.03863244503736496, 0.037875860929489136, 0.03758125379681587, 0.03752083331346512, 0.0369698628783226], "classification_output_loss": [0.24091167747974396, 0.09292551875114441, 0.08444574475288391, 0.08035793900489807, 0.0775737389922142, 0.07617630064487457, 0.07507313042879105, 0.07408652454614639, 0.07311080396175385, 0.07219608873128891, 0.07142432034015656, 0.07094421237707138, 0.0694221556186676, 0.06884440034627914, 0.06872102618217468, 0.06760916113853455], "regression_output_loss": [0.04557283595204353, 0.0064348382875323296, 0.00633835606276989, 0.006316238082945347, 0.00629278551787138, 0.006305768620222807, 0.006299561820924282, 0.006305133458226919, 0.006303095258772373, 0.006297808140516281, 0.006298949010670185, 0.006302619352936745, 0.006311503704637289, 0.006300477776676416, 0.006303719710558653, 0.006314102094620466], "classification_output_accuracy": [0.9336533546447754, 0.9703910946846008, 0.9717777967453003, 0.97298663854599, 0.9735110998153687, 0.9742666482925415, 0.9743733406066895, 0.9747377634048462, 0.9750666618347168, 0.9750221967697144, 0.9753689169883728, 0.9755555391311646, 0.9768533110618591, 0.976639986038208, 0.9765066504478455, 0.9774044156074524], "classification_output_sensitivity_at_specificity": [0.1541704535484314, 0.20719711482524872, 0.3699236810207367, 0.4359179735183716, 0.5589768290519714, 0.5699877142906189, 0.6129106879234314, 0.6499990820884705, 0.6542860865592957, 0.6283864378929138, 0.6913033127784729, 0.7001262903213501, 0.7291922569274902, 0.6799188852310181, 0.7214899659156799, 0.7513563632965088], "regression_output_mean_squared_error": [0.04557283595204353, 0.0064348382875323296, 0.00633835606276989, 0.006316238082945347, 0.00629278551787138, 0.006305768620222807, 0.006299561820924282, 0.006305133458226919, 0.006303095258772373, 0.006297808140516281, 0.006298949010670185, 0.006302619352936745, 0.006311503704637289, 0.006300477776676416, 0.006303719710558653, 0.006314102094620466], "val_loss": [0.05777481943368912, 0.045212194323539734, 0.04201650619506836, 0.040643006563186646, 0.040323738008737564, 0.03993850201368332, 0.040068238973617554, 0.04025205969810486, 0.03992503508925438, 0.03987743705511093, 0.039653852581977844, 0.03993941470980644, 0.04033052176237106, 0.04010933265089989, 0.041498228907585144, 0.042603928595781326], "val_classification_output_loss": [0.10947199165821075, 0.08435690402984619, 0.0779762715101242, 0.07521875947713852, 0.07458337396383286, 0.07381229847669601, 0.07407470047473907, 0.07435410469770432, 0.07378534227609634, 0.07368793338537216, 0.0732474997639656, 0.07381629943847656, 0.07459038496017456, 0.07414580881595612, 0.07693172991275787, 0.07913760840892792], "val_regression_output_loss": [0.0060582831501960754, 0.006049558520317078, 0.006038499530404806, 0.0060480572283267975, 0.0060445386916399, 0.006045108661055565, 0.0060425098054111, 0.00613087834790349, 0.0060459100641310215, 0.006048266775906086, 0.00604172283783555, 0.006044519133865833, 0.0060528977774083614, 0.00605560140684247, 0.006048255134373903, 0.006053806748241186], "val_classification_output_accuracy": [0.9707466959953308, 0.9723466634750366, 0.9735199809074402, 0.9742400050163269, 0.9750666618347168, 0.9747200012207031, 0.9750666618347168, 0.9748799800872803, 0.9749066829681396, 0.9750666618347168, 0.9751466512680054, 0.9747733473777771, 0.9741866588592529, 0.9747466444969177, 0.9740533232688904, 0.973466694355011], "val_classification_output_sensitivity_at_specificity": [0.13613374531269073, 0.1904381662607193, 0.23457381129264832, 0.31028056144714355, 0.3043709695339203, 0.27098971605300903, 0.31741467118263245, 0.33343982696533203, 0.32918062806129456, 0.3287014961242676, 0.3239099085330963, 0.36495766043663025, 0.3576638400554657, 0.3803439140319824, 0.3760315179824829, 0.3239099085330963], "val_regression_output_mean_squared_error": [0.0060582831501960754, 0.006049558520317078, 0.006038499530404806, 0.0060480572283267975, 0.0060445386916399, 0.006045108661055565, 0.0060425098054111, 0.00613087834790349, 0.0060459100641310215, 0.006048266775906086, 0.00604172283783555, 0.006044519133865833, 0.0060528977774083614, 0.00605560140684247, 0.006048255134373903, 0.006053806748241186]}