{"loss": [0.2593815326690674, 0.0685008242726326, 0.05889872834086418, 0.05679415538907051, 0.05561549961566925, 0.05441677197813988, 0.053819891065359116, 0.05277459695935249, 0.05230795592069626, 0.05177360773086548, 0.051020678132772446, 0.0512954443693161, 0.050465624779462814, 0.05026533454656601, 0.049841608852148056, 0.04944003373384476, 0.049427833408117294, 0.048752233386039734], "classification_output_loss": [0.3068429231643677, 0.0931396558880806, 0.08275846391916275, 0.0802057534456253, 0.0787992998957634, 0.07718213647603989, 0.0764244943857193, 0.07501969486474991, 0.07434695214033127, 0.07365778833627701, 0.07262564450502396, 0.07302214950323105, 0.07188177853822708, 0.0716048926115036, 0.07102259248495102, 0.07045267522335052, 0.07041730731725693, 0.06948209553956985], "regression_output_loss": [0.14860038459300995, 0.010972888208925724, 0.003189066192135215, 0.0021289309952408075, 0.001480696490034461, 0.0012576589360833168, 0.0010364754125475883, 0.0008303700014948845, 0.0008453737245872617, 0.0006734720664098859, 0.000573142955545336, 0.0005649757804349065, 0.0004603974521160126, 0.00043922304757870734, 0.0003864829777739942, 0.00037790610804222524, 0.00042023061541840434, 0.0003507791552692652], "classification_output_accuracy": [0.9029422402381897, 0.9715555310249329, 0.9724000096321106, 0.9731555581092834, 0.9729599952697754, 0.9739733338356018, 0.9742400050163269, 0.9747111201286316, 0.9742844700813293, 0.9750488996505737, 0.9751999974250793, 0.9751022458076477, 0.975475549697876, 0.975671112537384, 0.9759555459022522, 0.9758310914039612, 0.975724458694458, 0.9759911298751831], "classification_output_sensitivity_at_specificity": [0.23978303372859955, 0.2927796542644501, 0.30634891986846924, 0.3823048174381256, 0.4394095540046692, 0.4600924849510193, 0.5120754241943359, 0.5641828179359436, 0.5517339706420898, 0.5966565608978271, 0.5807042717933655, 0.6222301125526428, 0.6197225451469421, 0.6446736454963684, 0.6371154189109802, 0.6408678889274597, 0.6540814638137817, 0.7135870456695557], "regression_output_mean_squared_error": [0.14860038459300995, 0.010972888208925724, 0.003189066192135215, 0.0021289309952408075, 0.001480696490034461, 0.0012576589360833168, 0.0010364754125475883, 0.0008303700014948845, 0.0008453737245872617, 0.0006734720664098859, 0.000573142955545336, 0.0005649757804349065, 0.0004603974521160126, 0.00043922304757870734, 0.0003864829777739942, 0.00037790610804222524, 0.00042023061541840434, 0.0003507791552692652], "val_loss": [0.1309497058391571, 0.057978443801403046, 0.055178202688694, 0.05404176190495491, 0.05263098329305649, 0.05391691252589226, 0.05243906006217003, 0.05173255503177643, 0.05073970556259155, 0.05173293128609657, 0.050276827067136765, 0.050775278359651566, 0.05025307089090347, 0.050684597343206406, 0.05051193758845329, 0.050790220499038696, 0.0504886768758297, 0.05153346061706543], "val_classification_output_loss": [0.17256547510623932, 0.0813315361738205, 0.07753030955791473, 0.0764453262090683, 0.07462561130523682, 0.07541202008724213, 0.07463962584733963, 0.07341659814119339, 0.07176204025745392, 0.07370750606060028, 0.07158121466636658, 0.07225662469863892, 0.07155799865722656, 0.07215746492147446, 0.07182519137859344, 0.07243054360151291, 0.07176536321640015, 0.07352188974618912], "val_regression_output_loss": [0.03380824252963066, 0.0034508630633354187, 0.0029861293733119965, 0.0017276621656492352, 0.0012705912813544273, 0.003721852321177721, 0.0005985804600641131, 0.0010977666825056076, 0.0016498756594955921, 0.0004222116549499333, 0.0005312355351634324, 0.0006176183233037591, 0.0005076467641629279, 0.0005478959647007287, 0.0007480988861061633, 0.00026374912704341114, 0.0008114119991660118, 0.00019537503249011934], "val_classification_output_accuracy": [0.967519998550415, 0.9739733338356018, 0.9741866588592529, 0.9744799733161926, 0.9752799868583679, 0.9751200079917908, 0.9753866791725159, 0.9755733609199524, 0.9760000109672546, 0.9753333330154419, 0.9764800071716309, 0.9753866791725159, 0.9760266542434692, 0.975653350353241, 0.9760000109672546, 0.9757599830627441, 0.9761333465576172, 0.9755200147628784], "val_classification_output_sensitivity_at_specificity": [0.34565797448158264, 0.3272242844104767, 0.376505047082901, 0.5126798152923584, 0.45492807030677795, 0.44358018040657043, 0.5336707234382629, 0.5076185464859009, 0.6023441553115845, 0.5879595279693604, 0.5933937430381775, 0.6020777821540833, 0.5861480832099915, 0.6055407524108887, 0.5970697999000549, 0.6072989106178284, 0.5930207967758179, 0.5916355848312378], "val_regression_output_mean_squared_error": [0.03380824252963066, 0.0034508630633354187, 0.0029861293733119965, 0.0017276621656492352, 0.0012705912813544273, 0.003721852321177721, 0.0005985804600641131, 0.0010977666825056076, 0.0016498756594955921, 0.0004222116549499333, 0.0005312355351634324, 0.0006176183233037591, 0.0005076467641629279, 0.0005478959647007287, 0.0007480988861061633, 0.00026374912704341114, 0.0008114119991660118, 0.00019537503249011934]}