{"loss": [0.4675763249397278, 0.12179119884967804, 0.09104690700769424, 0.08301979303359985, 0.07999242842197418, 0.07788406312465668, 0.07611671090126038, 0.07461993396282196, 0.0740983709692955, 0.07343821972608566, 0.07243812829256058, 0.07161390781402588, 0.07063724845647812, 0.06955819576978683, 0.06937481462955475], "classification_output_loss": [0.27155447006225586, 0.1042700931429863, 0.08575212955474854, 0.08026143163442612, 0.07815633714199066, 0.07642094045877457, 0.07490158081054688, 0.07353884726762772, 0.07312256842851639, 0.07264381647109985, 0.0718197375535965, 0.07111584395170212, 0.07014819979667664, 0.06906602531671524, 0.06887093931436539], "regression_output_loss": [0.19601434469223022, 0.017512954771518707, 0.005286187399178743, 0.002749095903709531, 0.0018265100661665201, 0.0014534590300172567, 0.0012052766978740692, 0.0010710172355175018, 0.0009656759211793542, 0.0007840602775104344, 0.0006078658625483513, 0.00048741637147031724, 0.0004783224139828235, 0.0004813256091438234, 0.0004927976406179368], "classification_output_accuracy": [0.9147911071777344, 0.9706311225891113, 0.9729333519935608, 0.9733244180679321, 0.9736621975898743, 0.9741777777671814, 0.9748355746269226, 0.9749333262443542, 0.9751288890838623, 0.9752444624900818, 0.9754666686058044, 0.9758044481277466, 0.9760711193084717, 0.9764533042907715, 0.9763289093971252], "classification_output_sensitivity_at_specificity": [0.13973869383335114, 0.10633721202611923, 0.19953781366348267, 0.3368767201900482, 0.3356679379940033, 0.44737356901168823, 0.492116242647171, 0.5278642177581787, 0.5421562790870667, 0.556786060333252, 0.5995911359786987, 0.5824015736579895, 0.6275886297225952, 0.5975646376609802, 0.6246200203895569], "regression_output_mean_squared_error": [0.19601434469223022, 0.017512954771518707, 0.005286187399178743, 0.002749095903709531, 0.0018265100661665201, 0.0014534590300172567, 0.0012052766978740692, 0.0010710172355175018, 0.0009656759211793542, 0.0007840602775104344, 0.0006078658625483513, 0.00048741637147031724, 0.0004783224139828235, 0.0004813256091438234, 0.0004927976406179368], "val_loss": [0.17285843193531036, 0.09592218697071075, 0.08503847569227219, 0.08115687221288681, 0.08019185066223145, 0.07887688279151917, 0.07736022025346756, 0.07648364454507828, 0.07810506969690323, 0.07622358947992325, 0.0763794481754303, 0.07698586583137512, 0.07644127309322357, 0.07805429399013519, 0.08403052389621735], "val_classification_output_loss": [0.13385112583637238, 0.08895769715309143, 0.08183154463768005, 0.07836603373289108, 0.07820386439561844, 0.07768715173006058, 0.07627694308757782, 0.07549791783094406, 0.07724718004465103, 0.07556211948394775, 0.07582499086856842, 0.07620733231306076, 0.07589706778526306, 0.07744251191616058, 0.08347918838262558], "val_regression_output_loss": [0.03899937495589256, 0.006956140045076609, 0.003197913523763418, 0.002781342249363661, 0.0019783389288932085, 0.001180073944851756, 0.0010733386734500527, 0.0009756518411450088, 0.0008476268267259002, 0.0006510808016173542, 0.0005438968073576689, 0.0007678463007323444, 0.0005333569715730846, 0.0006008002092130482, 0.0005402375827543437], "val_classification_output_accuracy": [0.969706654548645, 0.9725599884986877, 0.9737866520881653, 0.9737066626548767, 0.9739999771118164, 0.9738666415214539, 0.974560022354126, 0.9743466377258301, 0.9737600088119507, 0.9747733473777771, 0.9739733338356018, 0.9738933444023132, 0.9747466444969177, 0.9740266799926758, 0.9722933173179626], "val_classification_output_sensitivity_at_specificity": [0.10013336688280106, 0.11080288141965866, 0.16676446795463562, 0.3985062539577484, 0.39962655305862427, 0.4032008647918701, 0.4449719786643982, 0.4323819577693939, 0.49357160925865173, 0.4379834532737732, 0.4334489107131958, 0.4693518280982971, 0.39391836524009705, 0.37684714794158936, 0.5580154657363892], "val_regression_output_mean_squared_error": [0.03899937495589256, 0.006956140045076609, 0.003197913523763418, 0.002781342249363661, 0.0019783389288932085, 0.001180073944851756, 0.0010733386734500527, 0.0009756518411450088, 0.0008476268267259002, 0.0006510808016173542, 0.0005438968655653298, 0.0007678463007323444, 0.0005333569715730846, 0.0006008002092130482, 0.0005402375827543437]}