{"loss": [0.07853008061647415, 0.044780291616916656, 0.041451793164014816, 0.040212247520685196, 0.03930269926786423, 0.03855644538998604, 0.037473805248737335, 0.036893073469400406, 0.03660576418042183, 0.0360642671585083, 0.035882700234651566, 0.03533821925520897, 0.035110630095005035], "classification_output_loss": [0.14662127196788788, 0.08803723752498627, 0.08237188309431076, 0.08012416958808899, 0.07833543419837952, 0.07686828821897507, 0.07472941279411316, 0.07357531785964966, 0.07300474494695663, 0.0719224363565445, 0.07157023996114731, 0.0704885795712471, 0.07003013789653778], "regression_output_loss": [0.010417897254228592, 0.001501712016761303, 0.0005108288605697453, 0.0002802693925332278, 0.0002502107236068696, 0.00022465712390840054, 0.00019829373923130333, 0.00019103493832517415, 0.00018722820095717907, 0.00018681019719224423, 0.00017603393644094467, 0.0001690054195933044, 0.00017238796863239259], "classification_output_accuracy": [0.9574666619300842, 0.9713333249092102, 0.9725155830383301, 0.973235547542572, 0.9741421937942505, 0.9740266799926758, 0.9745333194732666, 0.9753066897392273, 0.9750844240188599, 0.9756355285644531, 0.975724458694458, 0.9761066436767578, 0.9764622449874878], "classification_output_sensitivity_at_specificity": [0.234532430768013, 0.31999433040618896, 0.3541400730609894, 0.4068220555782318, 0.4511139392852783, 0.45514047145843506, 0.5199908018112183, 0.5888321399688721, 0.5512274503707886, 0.6196076273918152, 0.6365297436714172, 0.6337625980377197, 0.6582765579223633], "regression_output_mean_squared_error": [0.010417897254228592, 0.001501712016761303, 0.0005108288605697453, 0.0002802693925332278, 0.0002502107236068696, 0.00022465712390840054, 0.00019829373923130333, 0.00019103493832517415, 0.00018722820095717907, 0.00018681019719224423, 0.00017603393644094467, 0.0001690054195933044, 0.00017238796863239259], "val_loss": [0.047372397035360336, 0.04125848785042763, 0.03997579589486122, 0.03960734233260155, 0.03839332237839699, 0.03758716955780983, 0.03831859678030014, 0.03740045428276062, 0.03821135312318802, 0.03743143379688263, 0.03769160434603691, 0.03810519725084305, 0.03764908015727997], "val_classification_output_loss": [0.09245763719081879, 0.08194570243358612, 0.0795469731092453, 0.07899060845375061, 0.07659794390201569, 0.07499592751264572, 0.0764852836728096, 0.07464831322431564, 0.07626714557409286, 0.07472971081733704, 0.07525306195020676, 0.07608593255281448, 0.07515794783830643], "val_regression_output_loss": [0.002266076160594821, 0.0005498041282407939, 0.0003842800506390631, 0.00020420283544808626, 0.00016880221664905548, 0.00015837920363992453, 0.0001319643488386646, 0.00013297713303472847, 0.0001360895112156868, 0.00011379433999536559, 0.00011123417061753571, 0.00010567536082817242, 0.00012165199586888775], "val_classification_output_accuracy": [0.9701333045959473, 0.9734399914741516, 0.9732266664505005, 0.9735733270645142, 0.9741066694259644, 0.9746400117874146, 0.9737866520881653, 0.974453330039978, 0.9741866588592529, 0.9747733473777771, 0.9748266935348511, 0.974399983882904, 0.9746133089065552], "val_classification_output_sensitivity_at_specificity": [0.299989253282547, 0.35389819741249084, 0.3185674250125885, 0.3470790386199951, 0.33881014585494995, 0.3288230299949646, 0.30111682415008545, 0.30788230895996094, 0.3194802403450012, 0.2725515365600586, 0.3476159870624542, 0.34090420603752136, 0.3524484634399414], "val_regression_output_mean_squared_error": [0.002266076160594821, 0.0005498041282407939, 0.0003842800506390631, 0.00020420283544808626, 0.00016880221664905548, 0.00015837920363992453, 0.0001319643488386646, 0.00013297713303472847, 0.0001360895112156868, 0.00011379433999536559, 0.00011123417061753571, 0.00010567536082817242, 0.00012165199586888775]}