{"loss": [0.22889761626720428, 0.0785611942410469, 0.06858517229557037, 0.06563295423984528, 0.06382866203784943, 0.06235312670469284, 0.06172829493880272, 0.06095283478498459, 0.060485586524009705, 0.059399016201496124, 0.05923811346292496, 0.05845382809638977, 0.058234162628650665, 0.05763578042387962, 0.05670368671417236, 0.0565335713326931, 0.055926334112882614, 0.05485636740922928], "classification_output_loss": [0.23700107634067535, 0.09586832672357559, 0.08451152592897415, 0.08121971040964127, 0.07919435948133469, 0.07750051468610764, 0.07679114490747452, 0.07588282227516174, 0.07533377408981323, 0.07398471981287003, 0.07381150126457214, 0.07286189496517181, 0.07258579134941101, 0.07186640053987503, 0.07056450098752975, 0.07040122896432877, 0.06974157691001892, 0.06841430813074112], "regression_output_loss": [0.19645102322101593, 0.009298321790993214, 0.004841133952140808, 0.0032436326146125793, 0.002322758547961712, 0.0017210101941600442, 0.001435867976397276, 0.0011927488958463073, 0.0010534861357882619, 0.001018068054690957, 0.0009073674445971847, 0.0007851458503864706, 0.0007919863564893603, 0.0006778683746233582, 0.001225027721375227, 0.0010279759299010038, 0.0006305149290710688, 0.0005896129296161234], "classification_output_accuracy": [0.9511377811431885, 0.9707199931144714, 0.9727200269699097, 0.9729511141777039, 0.9736266732215881, 0.9740710854530334, 0.9742311239242554, 0.974399983882904, 0.9749600291252136, 0.9749777913093567, 0.9747200012207031, 0.9752355813980103, 0.975600004196167, 0.975724458694458, 0.9763289093971252, 0.9759644269943237, 0.9758577942848206, 0.976711094379425], "classification_output_sensitivity_at_specificity": [0.1087622418999672, 0.1495901346206665, 0.23707087337970734, 0.38172128796577454, 0.38876789808273315, 0.47840866446495056, 0.47084859013557434, 0.5387652516365051, 0.5528761744499207, 0.5782298445701599, 0.6214302182197571, 0.6101520657539368, 0.5428905487060547, 0.6600095629692078, 0.7012446522712708, 0.6705971956253052, 0.6951187252998352, 0.7133018374443054], "regression_output_mean_squared_error": [0.19645102322101593, 0.009298321790993214, 0.004841133952140808, 0.0032436326146125793, 0.002322758547961712, 0.0017210101941600442, 0.001435867976397276, 0.0011927488958463073, 0.0010534861357882619, 0.001018068054690957, 0.0009073674445971847, 0.0007851458503864706, 0.0007919863564893603, 0.0006778683746233582, 0.001225027721375227, 0.0010279759299010038, 0.0006305149290710688, 0.0005896129296161234], "val_loss": [0.08857875317335129, 0.06670515984296799, 0.061911869794130325, 0.06052181497216225, 0.059473052620887756, 0.05870089307427406, 0.05869614705443382, 0.057103242725133896, 0.057319507002830505, 0.05813946574926376, 0.056723084300756454, 0.06021229922771454, 0.05650530755519867, 0.058319542557001114, 0.05880294367671013, 0.058963097631931305, 0.058351289480924606, 0.05829954892396927], "val_classification_output_loss": [0.1062781885266304, 0.08216408640146255, 0.07668367773294449, 0.07510355114936829, 0.0739690437912941, 0.07305219769477844, 0.073133684694767, 0.07113626599311829, 0.07128343731164932, 0.07247781753540039, 0.07076798379421234, 0.07508456707000732, 0.07048018276691437, 0.07118650525808334, 0.07336054742336273, 0.07349878549575806, 0.07269934564828873, 0.07275636494159698], "val_regression_output_loss": [0.017748530954122543, 0.004832781385630369, 0.0027835762593895197, 0.0021517465356737375, 0.0014461060054600239, 0.0012533924309536815, 0.0009051454835571349, 0.000931286602281034, 0.001424838206730783, 0.0007487167604267597, 0.000506527372635901, 0.0006869484786875546, 0.0005701726768165827, 0.006816280540078878, 0.0005374439060688019, 0.0007852957933209836, 0.0009241662337444723, 0.0004370980313979089], "val_classification_output_accuracy": [0.9720533490180969, 0.9735733270645142, 0.9740533232688904, 0.9744799733161926, 0.9748266935348511, 0.9749333262443542, 0.9750666618347168, 0.975600004196167, 0.9753333330154419, 0.9750133156776428, 0.9759466648101807, 0.9750400185585022, 0.9758933186531067, 0.9756799936294556, 0.9749866724014282, 0.9746933579444885, 0.9746666550636292, 0.975600004196167], "val_classification_output_sensitivity_at_specificity": [0.2374858260154724, 0.1641017347574234, 0.295264333486557, 0.33468329906463623, 0.2939143478870392, 0.37950214743614197, 0.41217127442359924, 0.4911172389984131, 0.3870619237422943, 0.4223230183124542, 0.5167665481567383, 0.46195799112319946, 0.5738430619239807, 0.47043576836586, 0.46903181076049805, 0.5089367628097534, 0.5303202271461487, 0.4408445358276367], "val_regression_output_mean_squared_error": [0.017748530954122543, 0.004832781385630369, 0.0027835762593895197, 0.0021517465356737375, 0.0014461060054600239, 0.0012533924309536815, 0.0009051454835571349, 0.000931286602281034, 0.001424838206730783, 0.0007487167604267597, 0.000506527372635901, 0.0006869484786875546, 0.0005701726768165827, 0.006816280540078878, 0.0005374439060688019, 0.0007852957933209836, 0.0009241662337444723, 0.0004370980313979089]}