{"loss": [0.1287708878517151, 0.05003247782588005, 0.04508296027779579, 0.04295044764876366, 0.041805289685726166, 0.04045727103948593, 0.038914743810892105, 0.03751339390873909, 0.03716118633747101, 0.03695688024163246, 0.03636670485138893, 0.036139775067567825, 0.03564024716615677, 0.03579893335700035, 0.035115666687488556, 0.035302747040987015, 0.03522476926445961, 0.035003192722797394, 0.03442288562655449], "classification_output_loss": [0.2279331237077713, 0.09388981759548187, 0.08409195393323898, 0.07998354732990265, 0.07807108759880066, 0.07655598968267441, 0.07550928741693497, 0.07416444271802902, 0.0736241266131401, 0.07329544425010681, 0.07250063121318817, 0.07207396626472473, 0.07108766585588455, 0.07139819860458374, 0.0700291246175766, 0.07040030509233475, 0.07024886459112167, 0.0698072537779808, 0.06863698363304138], "regression_output_loss": [0.029588229954242706, 0.006157089490443468, 0.0060566021129488945, 0.005900062620639801, 0.005521847400814295, 0.004340675659477711, 0.002302168868482113, 0.0008446033461950719, 0.0006805799785070121, 0.0006011831574141979, 0.00021606622613035142, 0.00018930903752334416, 0.00017701380420476198, 0.00018434283265378326, 0.0001870918640634045, 0.00019016070291399956, 0.00018581717449706048, 0.00018424484005663544, 0.00019379379227757454], "classification_output_accuracy": [0.9287377595901489, 0.9711911082267761, 0.9724355340003967, 0.9731199741363525, 0.9735999703407288, 0.9745333194732666, 0.9750044345855713, 0.9752444624900818, 0.9753333330154419, 0.9752622246742249, 0.9754844307899475, 0.9753955602645874, 0.9759822487831116, 0.9759466648101807, 0.9760444164276123, 0.9760000109672546, 0.9761511087417603, 0.9761955738067627, 0.9767555594444275], "classification_output_sensitivity_at_specificity": [0.12887540459632874, 0.20932048559188843, 0.2835010290145874, 0.366412878036499, 0.46330901980400085, 0.41322827339172363, 0.4866989552974701, 0.49514633417129517, 0.48501303791999817, 0.5159807801246643, 0.49129530787467957, 0.5007719993591309, 0.5122717618942261, 0.5266464352607727, 0.5737102627754211, 0.6215726733207703, 0.609238862991333, 0.5897176265716553, 0.5647305250167847], "regression_output_mean_squared_error": [0.029588229954242706, 0.006157089490443468, 0.0060566021129488945, 0.005900062620639801, 0.005521847400814295, 0.004340675659477711, 0.002302168868482113, 0.0008446033461950719, 0.0006805799785070121, 0.0006011831574141979, 0.00021606622613035142, 0.00018930903752334416, 0.00017701380420476198, 0.00018434283265378326, 0.0001870918640634045, 0.00019016070291399956, 0.00018581717449706048, 0.0001842448255047202, 0.00019379379227757454], "val_loss": [0.05496560409665108, 0.045767415314912796, 0.04371526092290878, 0.04233700409531593, 0.041270188987255096, 0.04092862084507942, 0.03867656737565994, 0.03825163468718529, 0.03899933770298958, 0.03788454830646515, 0.03843655437231064, 0.03786507993936539, 0.037924669682979584, 0.03771675378084183, 0.03924160078167915, 0.03874363750219345, 0.03811027854681015, 0.038308124989271164, 0.03864129260182381], "val_classification_output_loss": [0.10363899171352386, 0.08525407314300537, 0.08102771639823914, 0.0785505548119545, 0.07709374278783798, 0.07892721891403198, 0.07586751133203506, 0.07628994435071945, 0.07765243202447891, 0.07545145601034164, 0.07668847590684891, 0.07555902749300003, 0.07571790367364883, 0.07531139999628067, 0.07832442969083786, 0.07732798159122467, 0.07605080306529999, 0.07644905149936676, 0.07702212035655975], "val_regression_output_loss": [0.006273495964705944, 0.006263205781579018, 0.006385627668350935, 0.0061060646548867226, 0.005428915843367577, 0.002912105293944478, 0.0014675188576802611, 0.00019556967890821397, 0.0003288497100584209, 0.00030066395993344486, 0.0001682221336523071, 0.00015510720550082624, 0.00011585112224565819, 0.00010673460928956047, 0.00014364061644300818, 0.00014419390936382115, 0.00015490443911403418, 0.00015217433974612504, 0.00024535402189940214], "val_classification_output_accuracy": [0.9696800112724304, 0.9720533490180969, 0.9730133414268494, 0.9739466905593872, 0.9744266867637634, 0.9740266799926758, 0.9745866656303406, 0.9739999771118164, 0.9740266799926758, 0.9745866656303406, 0.9740266799926758, 0.9744799733161926, 0.9740800261497498, 0.9749866724014282, 0.9734399914741516, 0.9737866520881653, 0.9752799868583679, 0.9741866588592529, 0.9740533232688904], "val_classification_output_sensitivity_at_specificity": [0.2219720184803009, 0.23886118829250336, 0.24985255300998688, 0.23666290938854218, 0.2988579571247101, 0.31805264949798584, 0.28529301285743713, 0.3072757422924042, 0.33226099610328674, 0.33397671580314636, 0.3705967366695404, 0.37938985228538513, 0.37504690885543823, 0.38920164108276367, 0.33762264251708984, 0.43027183413505554, 0.44952014088630676, 0.3833574652671814, 0.422336608171463], "val_regression_output_mean_squared_error": [0.006273495964705944, 0.006263205781579018, 0.006385627668350935, 0.0061060646548867226, 0.005428915843367577, 0.002912105293944478, 0.0014675188576802611, 0.00019556967890821397, 0.0003288497100584209, 0.00030066395993344486, 0.0001682221336523071, 0.00015510720550082624, 0.00011585112224565819, 0.00010673460928956047, 0.00014364061644300818, 0.00014419390936382115, 0.00015490443911403418, 0.00015217433974612504, 0.00024535402189940214]}