{"loss": [0.1523134708404541, 0.07849175482988358, 0.07391436398029327, 0.07130268961191177, 0.06966746598482132, 0.06817609816789627, 0.06772837042808533, 0.06607592105865479, 0.06530264019966125, 0.06515682488679886, 0.06351687759160995, 0.062462251633405685], "classification_output_loss": [0.16029313206672668, 0.08691178262233734, 0.08190573751926422, 0.07905235141515732, 0.07726675271987915, 0.07562201470136642, 0.07513383030891418, 0.073304183781147, 0.07244763523340225, 0.07229476422071457, 0.0703803226351738, 0.06923975795507431], "regression_output_loss": [0.08036933839321136, 0.0025810166262090206, 0.0018642619252204895, 0.001432579243555665, 0.0011554721277207136, 0.0010477531468495727, 0.0009665930992923677, 0.0009127253433689475, 0.0008895249920897186, 0.0008099132101051509, 0.0016417477745562792, 0.0013598366640508175], "classification_output_accuracy": [0.9562577605247498, 0.9713955521583557, 0.9726222157478333, 0.9734577536582947, 0.9736177921295166, 0.9744622111320496, 0.974275529384613, 0.9748177528381348, 0.9752444624900818, 0.9750400185585022, 0.9759200215339661, 0.975777804851532], "classification_output_sensitivity_at_specificity": [0.24526524543762207, 0.30977508425712585, 0.4101908206939697, 0.43124401569366455, 0.4929467439651489, 0.5624311566352844, 0.5385531187057495, 0.6367835402488708, 0.5920477509498596, 0.662225067615509, 0.662544846534729, 0.689638614654541], "regression_output_mean_squared_error": [0.08036933839321136, 0.0025810166262090206, 0.0018642619252204895, 0.001432579243555665, 0.0011554721277207136, 0.0010477531468495727, 0.0009665930992923677, 0.0009127253433689475, 0.0008895249920897186, 0.0008099132101051509, 0.0016417477745562792, 0.0013598366640508175], "val_loss": [0.08323097974061966, 0.07190778106451035, 0.0695234164595604, 0.06809788942337036, 0.06747186183929443, 0.06787316501140594, 0.06658824533224106, 0.06691195070743561, 0.06784997880458832, 0.06708915531635284, 0.06678028404712677, 0.0674213245511055], "val_classification_output_loss": [0.0920722559094429, 0.07965672761201859, 0.0770387351512909, 0.07549190521240234, 0.07484420388936996, 0.07529878616333008, 0.07388968020677567, 0.0742359533905983, 0.0752856433391571, 0.07415344566106796, 0.0741063728928566, 0.0748240202665329], "val_regression_output_loss": [0.003529578447341919, 0.002035737968981266, 0.0017598960548639297, 0.0014323749346658587, 0.0010032240534201264, 0.0009280856465920806, 0.0007644155411981046, 0.0008876980864442885, 0.0008221613243222237, 0.003406560979783535, 0.0007405220530927181, 0.0006916728452779353], "val_classification_output_accuracy": [0.9720533490180969, 0.9736266732215881, 0.9746133089065552, 0.974453330039978, 0.9746666550636292, 0.974453330039978, 0.9750933051109314, 0.9757066369056702, 0.9747733473777771, 0.9749066829681396, 0.9752533435821533, 0.9748266935348511], "val_classification_output_sensitivity_at_specificity": [0.3289515972137451, 0.36929571628570557, 0.3472801148891449, 0.36715826392173767, 0.355562686920166, 0.41754835844039917, 0.38495245575904846, 0.42978519201278687, 0.33098214864730835, 0.3977770507335663, 0.35631078481674194, 0.3714331388473511], "val_regression_output_mean_squared_error": [0.003529578447341919, 0.002035737968981266, 0.0017598960548639297, 0.0014323749346658587, 0.0010032240534201264, 0.0009280856465920806, 0.0007644155411981046, 0.0008876980864442885, 0.0008221613243222237, 0.003406560979783535, 0.0007405220530927181, 0.0006916728452779353]}