stat,value
sig_in_test,20000
bkg_in_test,400000
accuracy,0.9751071428571428
precision,0.986840763031725
efficiency,0.48375
auc,0.9948793784375
f1score,0.64924142204244
test loss,0.08530829338610525
threshold,0.9986051
regression_R^2,0.47119870470047387
classification loss weight,0.9
regression loss weight,0.09999999999999998
regression activation type,linear
