{"loss": [0.18903401494026184, 0.09289451688528061, 0.08406682312488556, 0.07929132878780365, 0.07640793174505234, 0.07574327290058136, 0.07379352301359177, 0.07326405495405197, 0.071766197681427, 0.07075995951890945, 0.07011512666940689], "accuracy": [0.9320444464683533, 0.9690577983856201, 0.9718755483627319, 0.9731022119522095, 0.9738222360610962, 0.9744889140129089, 0.9749155640602112, 0.9749955534934998, 0.97552889585495, 0.9762933254241943, 0.9763821959495544], "sensitivity_at_specificity": [0.20550498366355896, 0.2712559103965759, 0.25583416223526, 0.37686559557914734, 0.38666170835494995, 0.3912048041820526, 0.47424089908599854, 0.48194289207458496, 0.5000266432762146, 0.5310298204421997, 0.5468242764472961], "val_loss": [0.1019739955663681, 0.0847134217619896, 0.08014048635959625, 0.07794589549303055, 0.07795579731464386, 0.07574304938316345, 0.078150175511837, 0.0760621577501297, 0.07822977751493454, 0.07803252339363098, 0.0782012939453125], "val_accuracy": [0.9667733311653137, 0.9720533490180969, 0.9734399914741516, 0.9737066626548767, 0.973360002040863, 0.9742666482925415, 0.9733066558837891, 0.9747466444969177, 0.9738933444023132, 0.9739999771118164, 0.9740266799926758], "val_sensitivity_at_specificity": [0.27628543972969055, 0.31236931681632996, 0.3080799877643585, 0.2766071557998657, 0.31992921233177185, 0.42952120304107666, 0.44501635432243347, 0.5350919365882874, 0.4438367784023285, 0.4687684178352356, 0.5505334734916687]}