{"loss": [0.08331335335969925, 0.04508547484874725, 0.0408911257982254, 0.039085935801267624, 0.03792800009250641, 0.037178024649620056, 0.03666481748223305, 0.035968124866485596, 0.0357830673456192, 0.03547577187418938, 0.03492758795619011, 0.03468191251158714, 0.03429235517978668, 0.034272827208042145], "classification_output_loss": [0.1501777023077011, 0.08454295992851257, 0.07914737612009048, 0.07756853848695755, 0.07556302100419998, 0.07411952316761017, 0.07312387228012085, 0.07173565775156021, 0.07137919217348099, 0.07077815383672714, 0.06968250870704651, 0.06917580962181091, 0.06840004026889801, 0.06835033744573593], "regression_output_loss": [0.016426552087068558, 0.005605150945484638, 0.0026128331664949656, 0.0005821686354465783, 0.0002721679920796305, 0.00021603026834782213, 0.00018574725254438818, 0.0001813658163882792, 0.00016843884077388793, 0.00015541345055680722, 0.00015527789946645498, 0.00017095795192290097, 0.00016776760458014905, 0.00017872409080155194], "classification_output_accuracy": [0.9545599818229675, 0.9725688695907593, 0.9732800126075745, 0.9740710854530334, 0.9740800261497498, 0.9751111268997192, 0.9753777980804443, 0.9759466648101807, 0.9757688641548157, 0.9761688709259033, 0.9759466648101807, 0.9763466715812683, 0.9766044616699219, 0.9764888882637024], "classification_output_sensitivity_at_specificity": [0.2405407875776291, 0.27174240350723267, 0.4253491163253784, 0.47615405917167664, 0.5482166409492493, 0.5277417302131653, 0.6178244352340698, 0.5955705642700195, 0.6038601994514465, 0.6202437281608582, 0.6840167045593262, 0.6550387144088745, 0.6592368483543396, 0.709134578704834], "regression_output_mean_squared_error": [0.016426552087068558, 0.005605150945484638, 0.0026128331664949656, 0.0005821686354465783, 0.0002721679920796305, 0.00021603026834782213, 0.00018574725254438818, 0.0001813658163882792, 0.00016843884077388793, 0.00015541345055680722, 0.00015527789946645498, 0.00017095795192290097, 0.00016776760458014905, 0.00017872409080155194], "val_loss": [0.047153402119874954, 0.04237451031804085, 0.03972410038113594, 0.03964649513363838, 0.039987750351428986, 0.03803327679634094, 0.03799083083868027, 0.037860043346881866, 0.037740565836429596, 0.03814798220992088, 0.03900670260190964, 0.038324546068906784, 0.038486298173666, 0.038242559880018234], "val_classification_output_loss": [0.08839260786771774, 0.0796937644481659, 0.07779965549707413, 0.07877469062805176, 0.07977823913097382, 0.07585981488227844, 0.0758470967411995, 0.07559450715780258, 0.07527349889278412, 0.07616404443979263, 0.0777878537774086, 0.07651030272245407, 0.0768633708357811, 0.07633259147405624], "val_regression_output_loss": [0.005891269072890282, 0.005032736342400312, 0.001626991550438106, 0.0004972873721271753, 0.00017652956012170762, 0.00018636409367900342, 0.00011503625137265772, 0.00010681321145966649, 0.0001895074383355677, 0.00011420838563935831, 0.00020821666112169623, 0.00012179337500128895, 9.250801667803898e-05, 0.00013612063776236027], "val_classification_output_accuracy": [0.9721866846084595, 0.9739466905593872, 0.9742666482925415, 0.9741866588592529, 0.9729066491127014, 0.9750933051109314, 0.9747200012207031, 0.9749600291252136, 0.9757333397865295, 0.9745333194732666, 0.9736533164978027, 0.974399983882904, 0.9747999906539917, 0.9747999906539917], "val_classification_output_sensitivity_at_specificity": [0.1299441009759903, 0.2693106234073639, 0.33404311537742615, 0.3454352021217346, 0.31881821155548096, 0.3010912835597992, 0.3137609660625458, 0.3700292706489563, 0.4168219268321991, 0.37396860122680664, 0.3575725257396698, 0.3568804860115051, 0.3511844575405121, 0.2810221016407013], "val_regression_output_mean_squared_error": [0.005891269072890282, 0.005032736342400312, 0.001626991550438106, 0.0004972873721271753, 0.00017652956012170762, 0.00018636409367900342, 0.00011503625137265772, 0.00010681321145966649, 0.0001895074383355677, 0.00011420838563935831, 0.00020821666112169623, 0.00012179337500128895, 9.250801667803898e-05, 0.00013612063776236027]}