stat,value
sig_in_test,20000
bkg_in_test,400000
accuracy,0.9751738095238095
precision,0.9868782422947818
efficiency,0.48515
auc,0.9950815505625001
f1score,0.6505092300442892
test loss,0.08713578211170812
threshold,0.9984268
regression_R^2,0.9456175897841255
classification loss weight,0.5
regression loss weight,0.5
regression activation type,relu
